[{"model": "auth.permission", "pk": 1, "fields": {"name": "Can add log entry", "content_type": 1, "codename": "add_logentry"}}, {"model": "auth.permission", "pk": 2, "fields": {"name": "Can change log entry", "content_type": 1, "codename": "change_logentry"}}, {"model": "auth.permission", "pk": 3, "fields": {"name": "Can delete log entry", "content_type": 1, "codename": "delete_logentry"}}, {"model": "auth.permission", "pk": 4, "fields": {"name": "Can add permission", "content_type": 2, "codename": "add_permission"}}, {"model": "auth.permission", "pk": 5, "fields": {"name": "Can change permission", "content_type": 2, "codename": "change_permission"}}, {"model": "auth.permission", "pk": 6, "fields": {"name": "Can delete permission", "content_type": 2, "codename": "delete_permission"}}, {"model": "auth.permission", "pk": 7, "fields": {"name": "Can add group", "content_type": 3, "codename": "add_group"}}, {"model": "auth.permission", "pk": 8, "fields": {"name": "Can change group", "content_type": 3, "codename": "change_group"}}, {"model": "auth.permission", "pk": 9, "fields": {"name": "Can delete group", "content_type": 3, "codename": "delete_group"}}, {"model": "auth.permission", "pk": 10, "fields": {"name": "Can add content type", "content_type": 4, "codename": "add_contenttype"}}, {"model": "auth.permission", "pk": 11, "fields": {"name": "Can change content type", "content_type": 4, "codename": "change_contenttype"}}, {"model": "auth.permission", "pk": 12, "fields": {"name": "Can delete content type", "content_type": 4, "codename": "delete_contenttype"}}, {"model": "auth.permission", "pk": 13, "fields": {"name": "Can add session", "content_type": 5, "codename": "add_session"}}, {"model": "auth.permission", "pk": 14, "fields": {"name": "Can change session", "content_type": 5, "codename": "change_session"}}, {"model": "auth.permission", "pk": 15, "fields": {"name": "Can delete session", "content_type": 5, "codename": "delete_session"}}, {"model": "auth.permission", "pk": 16, "fields": {"name": "Can add \u0412\u0430\u0440\u0438\u0430\u043d\u0442 \u043e\u0442\u0432\u0435\u0442\u0430 \u043d\u0430 \u0442\u0435\u0441\u0442\u043e\u0432\u044b\u0439 \u0432\u043e\u043f\u0440\u043e\u0441", "content_type": 6, "codename": "add_choiceblockoption"}}, {"model": "auth.permission", "pk": 17, "fields": {"name": "Can change \u0412\u0430\u0440\u0438\u0430\u043d\u0442 \u043e\u0442\u0432\u0435\u0442\u0430 \u043d\u0430 \u0442\u0435\u0441\u0442\u043e\u0432\u044b\u0439 \u0432\u043e\u043f\u0440\u043e\u0441", "content_type": 6, "codename": "change_choiceblockoption"}}, {"model": "auth.permission", "pk": 18, "fields": {"name": "Can delete \u0412\u0430\u0440\u0438\u0430\u043d\u0442 \u043e\u0442\u0432\u0435\u0442\u0430 \u043d\u0430 \u0442\u0435\u0441\u0442\u043e\u0432\u044b\u0439 \u0432\u043e\u043f\u0440\u043e\u0441", "content_type": 6, "codename": "delete_choiceblockoption"}}, {"model": "auth.permission", "pk": 19, "fields": {"name": "Can add block", "content_type": 7, "codename": "add_block"}}, {"model": "auth.permission", "pk": 20, "fields": {"name": "Can change block", "content_type": 7, "codename": "change_block"}}, {"model": "auth.permission", "pk": 21, "fields": {"name": "Can delete block", "content_type": 7, "codename": "delete_block"}}, {"model": "auth.permission", "pk": 22, "fields": {"name": "Can add \u0420\u0435\u0437\u0443\u043b\u044c\u0442\u0430\u0442 \u043e\u0442\u0432\u0435\u0442\u0430", "content_type": 8, "codename": "add_blockresult"}}, {"model": "auth.permission", "pk": 23, "fields": {"name": "Can change \u0420\u0435\u0437\u0443\u043b\u044c\u0442\u0430\u0442 \u043e\u0442\u0432\u0435\u0442\u0430", "content_type": 8, "codename": "change_blockresult"}}, {"model": "auth.permission", "pk": 24, "fields": {"name": "Can delete \u0420\u0435\u0437\u0443\u043b\u044c\u0442\u0430\u0442 \u043e\u0442\u0432\u0435\u0442\u0430", "content_type": 8, "codename": "delete_blockresult"}}, {"model": "auth.permission", "pk": 25, "fields": {"name": "Can add \u0420\u0435\u0437\u0443\u043b\u044c\u0442\u0430\u0442 \u043e\u0442\u0432\u0435\u0442\u0430 \u043d\u0430 \u0442\u0435\u0441\u0442\u043e\u0432\u044b\u0439 \u0432\u043e\u043f\u0440\u043e\u0441", "content_type": 9, "codename": "add_choiceblockresult"}}, {"model": "auth.permission", "pk": 26, "fields": {"name": "Can change \u0420\u0435\u0437\u0443\u043b\u044c\u0442\u0430\u0442 \u043e\u0442\u0432\u0435\u0442\u0430 \u043d\u0430 \u0442\u0435\u0441\u0442\u043e\u0432\u044b\u0439 \u0432\u043e\u043f\u0440\u043e\u0441", "content_type": 9, "codename": "change_choiceblockresult"}}, {"model": "auth.permission", "pk": 27, "fields": {"name": "Can delete \u0420\u0435\u0437\u0443\u043b\u044c\u0442\u0430\u0442 \u043e\u0442\u0432\u0435\u0442\u0430 \u043d\u0430 \u0442\u0435\u0441\u0442\u043e\u0432\u044b\u0439 \u0432\u043e\u043f\u0440\u043e\u0441", "content_type": 9, "codename": "delete_choiceblockresult"}}, {"model": "auth.permission", "pk": 28, "fields": {"name": "Can add \u0437\u0430\u0434\u0430\u0447\u0430 \u0441 \u0447\u0438\u0441\u043b\u0435\u043d\u043d\u044b\u043c \u043e\u0442\u0432\u0435\u0442\u043e\u043c", "content_type": 10, "codename": "add_floatblock"}}, {"model": "auth.permission", "pk": 29, "fields": {"name": "Can change \u0437\u0430\u0434\u0430\u0447\u0430 \u0441 \u0447\u0438\u0441\u043b\u0435\u043d\u043d\u044b\u043c \u043e\u0442\u0432\u0435\u0442\u043e\u043c", "content_type": 10, "codename": "change_floatblock"}}, {"model": "auth.permission", "pk": 30, "fields": {"name": "Can delete \u0437\u0430\u0434\u0430\u0447\u0430 \u0441 \u0447\u0438\u0441\u043b\u0435\u043d\u043d\u044b\u043c \u043e\u0442\u0432\u0435\u0442\u043e\u043c", "content_type": 10, "codename": "delete_floatblock"}}, {"model": "auth.permission", "pk": 31, "fields": {"name": "Can add \u0432\u043a\u043b\u044e\u0447\u0435\u043d\u0438\u0435 \u0431\u043b\u043e\u043a\u0430 \u0432 \u0443\u0440\u043e\u043a", "content_type": 11, "codename": "add_lessonblockrelation"}}, {"model": "auth.permission", "pk": 32, "fields": {"name": "Can change \u0432\u043a\u043b\u044e\u0447\u0435\u043d\u0438\u0435 \u0431\u043b\u043e\u043a\u0430 \u0432 \u0443\u0440\u043e\u043a", "content_type": 11, "codename": "change_lessonblockrelation"}}, {"model": "auth.permission", "pk": 33, "fields": {"name": "Can delete \u0432\u043a\u043b\u044e\u0447\u0435\u043d\u0438\u0435 \u0431\u043b\u043e\u043a\u0430 \u0432 \u0443\u0440\u043e\u043a", "content_type": 11, "codename": "delete_lessonblockrelation"}}, {"model": "auth.permission", "pk": 34, "fields": {"name": "Can add \u0442\u0435\u0441\u0442\u043e\u0432\u044b\u0439 \u0432\u043e\u043f\u0440\u043e\u0441", "content_type": 12, "codename": "add_choiceblock"}}, {"model": "auth.permission", "pk": 35, "fields": {"name": "Can change \u0442\u0435\u0441\u0442\u043e\u0432\u044b\u0439 \u0432\u043e\u043f\u0440\u043e\u0441", "content_type": 12, "codename": "change_choiceblock"}}, {"model": "auth.permission", "pk": 36, "fields": {"name": "Can delete \u0442\u0435\u0441\u0442\u043e\u0432\u044b\u0439 \u0432\u043e\u043f\u0440\u043e\u0441", "content_type": 12, "codename": "delete_choiceblock"}}, {"model": "auth.permission", "pk": 37, "fields": {"name": "Can add \u0442\u0435\u043a\u0441\u0442\u043e\u0432\u0430\u044f \u0441\u0442\u0430\u0442\u044c\u044f", "content_type": 13, "codename": "add_textblock"}}, {"model": "auth.permission", "pk": 38, "fields": {"name": "Can change \u0442\u0435\u043a\u0441\u0442\u043e\u0432\u0430\u044f \u0441\u0442\u0430\u0442\u044c\u044f", "content_type": 13, "codename": "change_textblock"}}, {"model": "auth.permission", "pk": 39, "fields": {"name": "Can delete \u0442\u0435\u043a\u0441\u0442\u043e\u0432\u0430\u044f \u0441\u0442\u0430\u0442\u044c\u044f", "content_type": 13, "codename": "delete_textblock"}}, {"model": "auth.permission", "pk": 40, "fields": {"name": "Can add \u0420\u0435\u0437\u0443\u043b\u044c\u0442\u0430\u0442 \u043e\u0442\u0432\u0435\u0442\u0430 \u043d\u0430 \u0437\u0430\u0434\u0430\u0447\u0443", "content_type": 14, "codename": "add_floatblockresult"}}, {"model": "auth.permission", "pk": 41, "fields": {"name": "Can change \u0420\u0435\u0437\u0443\u043b\u044c\u0442\u0430\u0442 \u043e\u0442\u0432\u0435\u0442\u0430 \u043d\u0430 \u0437\u0430\u0434\u0430\u0447\u0443", "content_type": 14, "codename": "change_floatblockresult"}}, {"model": "auth.permission", "pk": 42, "fields": {"name": "Can delete \u0420\u0435\u0437\u0443\u043b\u044c\u0442\u0430\u0442 \u043e\u0442\u0432\u0435\u0442\u0430 \u043d\u0430 \u0437\u0430\u0434\u0430\u0447\u0443", "content_type": 14, "codename": "delete_floatblockresult"}}, {"model": "auth.permission", "pk": 43, "fields": {"name": "Can add \u041f\u043e\u0440\u044f\u0434\u043a\u043e\u0432\u043e\u0435 \u0432\u043a\u043b\u044e\u0447\u0435\u043d\u0438\u0435 \u043c\u043e\u0434\u0443\u043b\u0435\u0439 \u0432 \u043a\u0443\u0440\u0441", "content_type": 15, "codename": "add_coursemodulerelation"}}, {"model": "auth.permission", "pk": 44, "fields": {"name": "Can change \u041f\u043e\u0440\u044f\u0434\u043a\u043e\u0432\u043e\u0435 \u0432\u043a\u043b\u044e\u0447\u0435\u043d\u0438\u0435 \u043c\u043e\u0434\u0443\u043b\u0435\u0439 \u0432 \u043a\u0443\u0440\u0441", "content_type": 15, "codename": "change_coursemodulerelation"}}, {"model": "auth.permission", "pk": 45, "fields": {"name": "Can delete \u041f\u043e\u0440\u044f\u0434\u043a\u043e\u0432\u043e\u0435 \u0432\u043a\u043b\u044e\u0447\u0435\u043d\u0438\u0435 \u043c\u043e\u0434\u0443\u043b\u0435\u0439 \u0432 \u043a\u0443\u0440\u0441", "content_type": 15, "codename": "delete_coursemodulerelation"}}, {"model": "auth.permission", "pk": 46, "fields": {"name": "Can add \u041a\u0443\u0440\u0441", "content_type": 16, "codename": "add_course"}}, {"model": "auth.permission", "pk": 47, "fields": {"name": "Can change \u041a\u0443\u0440\u0441", "content_type": 16, "codename": "change_course"}}, {"model": "auth.permission", "pk": 48, "fields": {"name": "Can delete \u041a\u0443\u0440\u0441", "content_type": 16, "codename": "delete_course"}}, {"model": "auth.permission", "pk": 49, "fields": {"name": "Can add \u0421\u0432\u044f\u0437\u044c \u0443\u0447\u0435\u043d\u0438\u043a\u0430 \u0441 \u0443\u0437\u043b\u043e\u043c", "content_type": 17, "codename": "add_studentnoderelation"}}, {"model": "auth.permission", "pk": 50, "fields": {"name": "Can change \u0421\u0432\u044f\u0437\u044c \u0443\u0447\u0435\u043d\u0438\u043a\u0430 \u0441 \u0443\u0437\u043b\u043e\u043c", "content_type": 17, "codename": "change_studentnoderelation"}}, {"model": "auth.permission", "pk": 51, "fields": {"name": "Can delete \u0421\u0432\u044f\u0437\u044c \u0443\u0447\u0435\u043d\u0438\u043a\u0430 \u0441 \u0443\u0437\u043b\u043e\u043c", "content_type": 17, "codename": "delete_studentnoderelation"}}, {"model": "auth.permission", "pk": 52, "fields": {"name": "Can add \u0421\u0432\u044f\u0437\u044c \u0443\u0447\u0435\u043d\u0438\u043a\u0430 \u0441 \u0443\u0440\u043e\u043a\u043e\u043c", "content_type": 18, "codename": "add_studentmodulerelation"}}, {"model": "auth.permission", "pk": 53, "fields": {"name": "Can change \u0421\u0432\u044f\u0437\u044c \u0443\u0447\u0435\u043d\u0438\u043a\u0430 \u0441 \u0443\u0440\u043e\u043a\u043e\u043c", "content_type": 18, "codename": "change_studentmodulerelation"}}, {"model": "auth.permission", "pk": 54, "fields": {"name": "Can delete \u0421\u0432\u044f\u0437\u044c \u0443\u0447\u0435\u043d\u0438\u043a\u0430 \u0441 \u0443\u0440\u043e\u043a\u043e\u043c", "content_type": 18, "codename": "delete_studentmodulerelation"}}, {"model": "auth.permission", "pk": 55, "fields": {"name": "Can add \u0421\u0432\u044f\u0437\u044c \u0443\u0447\u0435\u043d\u0438\u043a\u0430 \u0441 \u0443\u0447\u0438\u0442\u0435\u043b\u0435\u043c", "content_type": 19, "codename": "add_studentteacherrelation"}}, {"model": "auth.permission", "pk": 56, "fields": {"name": "Can change \u0421\u0432\u044f\u0437\u044c \u0443\u0447\u0435\u043d\u0438\u043a\u0430 \u0441 \u0443\u0447\u0438\u0442\u0435\u043b\u0435\u043c", "content_type": 19, "codename": "change_studentteacherrelation"}}, {"model": "auth.permission", "pk": 57, "fields": {"name": "Can delete \u0421\u0432\u044f\u0437\u044c \u0443\u0447\u0435\u043d\u0438\u043a\u0430 \u0441 \u0443\u0447\u0438\u0442\u0435\u043b\u0435\u043c", "content_type": 19, "codename": "delete_studentteacherrelation"}}, {"model": "auth.permission", "pk": 58, "fields": {"name": "Can add \u0421\u0432\u044f\u0437\u044c \u0443\u0447\u0435\u043d\u0438\u043a\u0430 \u0441 \u043a\u0443\u0440\u0441\u043e\u043c", "content_type": 20, "codename": "add_studentcourserelation"}}, {"model": "auth.permission", "pk": 59, "fields": {"name": "Can change \u0421\u0432\u044f\u0437\u044c \u0443\u0447\u0435\u043d\u0438\u043a\u0430 \u0441 \u043a\u0443\u0440\u0441\u043e\u043c", "content_type": 20, "codename": "change_studentcourserelation"}}, {"model": "auth.permission", "pk": 60, "fields": {"name": "Can delete \u0421\u0432\u044f\u0437\u044c \u0443\u0447\u0435\u043d\u0438\u043a\u0430 \u0441 \u043a\u0443\u0440\u0441\u043e\u043c", "content_type": 20, "codename": "delete_studentcourserelation"}}, {"model": "auth.permission", "pk": 61, "fields": {"name": "Can add \u0421\u0432\u044f\u0437\u044c \u0443\u0447\u0435\u043d\u0438\u043a\u0430 \u0441 \u0443\u0440\u043e\u043a\u043e\u043c", "content_type": 21, "codename": "add_studentlessonrelation"}}, {"model": "auth.permission", "pk": 62, "fields": {"name": "Can change \u0421\u0432\u044f\u0437\u044c \u0443\u0447\u0435\u043d\u0438\u043a\u0430 \u0441 \u0443\u0440\u043e\u043a\u043e\u043c", "content_type": 21, "codename": "change_studentlessonrelation"}}, {"model": "auth.permission", "pk": 63, "fields": {"name": "Can delete \u0421\u0432\u044f\u0437\u044c \u0443\u0447\u0435\u043d\u0438\u043a\u0430 \u0441 \u0443\u0440\u043e\u043a\u043e\u043c", "content_type": 21, "codename": "delete_studentlessonrelation"}}, {"model": "auth.permission", "pk": 64, "fields": {"name": "Can add \u0421\u0432\u044f\u0437\u044c \u043c\u0435\u0436\u0434\u0443 \u0443\u0437\u043b\u0430\u043c\u0438", "content_type": 22, "codename": "add_noderelation"}}, {"model": "auth.permission", "pk": 65, "fields": {"name": "Can change \u0421\u0432\u044f\u0437\u044c \u043c\u0435\u0436\u0434\u0443 \u0443\u0437\u043b\u0430\u043c\u0438", "content_type": 22, "codename": "change_noderelation"}}, {"model": "auth.permission", "pk": 66, "fields": {"name": "Can delete \u0421\u0432\u044f\u0437\u044c \u043c\u0435\u0436\u0434\u0443 \u0443\u0437\u043b\u0430\u043c\u0438", "content_type": 22, "codename": "delete_noderelation"}}, {"model": "auth.permission", "pk": 67, "fields": {"name": "Can add \u0421\u0432\u044f\u0437\u044c \u043c\u0435\u0436\u0434\u0443 Unit \u0438 Lesson", "content_type": 23, "codename": "add_unitlessonrelation"}}, {"model": "auth.permission", "pk": 68, "fields": {"name": "Can change \u0421\u0432\u044f\u0437\u044c \u043c\u0435\u0436\u0434\u0443 Unit \u0438 Lesson", "content_type": 23, "codename": "change_unitlessonrelation"}}, {"model": "auth.permission", "pk": 69, "fields": {"name": "Can delete \u0421\u0432\u044f\u0437\u044c \u043c\u0435\u0436\u0434\u0443 Unit \u0438 Lesson", "content_type": 23, "codename": "delete_unitlessonrelation"}}, {"model": "auth.permission", "pk": 70, "fields": {"name": "Can add \u0421\u0432\u044f\u0437\u044c \u043c\u0435\u0436\u0434\u0443 Subject \u0438 Module", "content_type": 24, "codename": "add_subjectmodulerelation"}}, {"model": "auth.permission", "pk": 71, "fields": {"name": "Can change \u0421\u0432\u044f\u0437\u044c \u043c\u0435\u0436\u0434\u0443 Subject \u0438 Module", "content_type": 24, "codename": "change_subjectmodulerelation"}}, {"model": "auth.permission", "pk": 72, "fields": {"name": "Can delete \u0421\u0432\u044f\u0437\u044c \u043c\u0435\u0436\u0434\u0443 Subject \u0438 Module", "content_type": 24, "codename": "delete_subjectmodulerelation"}}, {"model": "auth.permission", "pk": 73, "fields": {"name": "Can add \u0423\u0437\u0435\u043b", "content_type": 25, "codename": "add_node"}}, {"model": "auth.permission", "pk": 74, "fields": {"name": "Can change \u0423\u0437\u0435\u043b", "content_type": 25, "codename": "change_node"}}, {"model": "auth.permission", "pk": 75, "fields": {"name": "Can delete \u0423\u0437\u0435\u043b", "content_type": 25, "codename": "delete_node"}}, {"model": "auth.permission", "pk": 76, "fields": {"name": "Can add \u0421\u0432\u044f\u0437\u044c \u043c\u0435\u0436\u0434\u0443 Module \u0438 Unit", "content_type": 26, "codename": "add_moduleunitrelation"}}, {"model": "auth.permission", "pk": 77, "fields": {"name": "Can change \u0421\u0432\u044f\u0437\u044c \u043c\u0435\u0436\u0434\u0443 Module \u0438 Unit", "content_type": 26, "codename": "change_moduleunitrelation"}}, {"model": "auth.permission", "pk": 78, "fields": {"name": "Can delete \u0421\u0432\u044f\u0437\u044c \u043c\u0435\u0436\u0434\u0443 Module \u0438 Unit", "content_type": 26, "codename": "delete_moduleunitrelation"}}, {"model": "auth.permission", "pk": 79, "fields": {"name": "Can add \u041c\u043e\u0434\u0443\u043b\u044c", "content_type": 27, "codename": "add_module"}}, {"model": "auth.permission", "pk": 80, "fields": {"name": "Can change \u041c\u043e\u0434\u0443\u043b\u044c", "content_type": 27, "codename": "change_module"}}, {"model": "auth.permission", "pk": 81, "fields": {"name": "Can delete \u041c\u043e\u0434\u0443\u043b\u044c", "content_type": 27, "codename": "delete_module"}}, {"model": "auth.permission", "pk": 82, "fields": {"name": "Can add \u041f\u0440\u0435\u0434\u043c\u0435\u0442", "content_type": 28, "codename": "add_subject"}}, {"model": "auth.permission", "pk": 83, "fields": {"name": "Can change \u041f\u0440\u0435\u0434\u043c\u0435\u0442", "content_type": 28, "codename": "change_subject"}}, {"model": "auth.permission", "pk": 84, "fields": {"name": "Can delete \u041f\u0440\u0435\u0434\u043c\u0435\u0442", "content_type": 28, "codename": "delete_subject"}}, {"model": "auth.permission", "pk": 85, "fields": {"name": "Can add \u041f\u043e\u0434\u0440\u0430\u0437\u0434\u0435\u043b \u043c\u043e\u0434\u0443\u043b\u044f", "content_type": 29, "codename": "add_unit"}}, {"model": "auth.permission", "pk": 86, "fields": {"name": "Can change \u041f\u043e\u0434\u0440\u0430\u0437\u0434\u0435\u043b \u043c\u043e\u0434\u0443\u043b\u044f", "content_type": 29, "codename": "change_unit"}}, {"model": "auth.permission", "pk": 87, "fields": {"name": "Can delete \u041f\u043e\u0434\u0440\u0430\u0437\u0434\u0435\u043b \u043c\u043e\u0434\u0443\u043b\u044f", "content_type": 29, "codename": "delete_unit"}}, {"model": "auth.permission", "pk": 88, "fields": {"name": "Can add \u0423\u0440\u043e\u043a", "content_type": 30, "codename": "add_lesson"}}, {"model": "auth.permission", "pk": 89, "fields": {"name": "Can change \u0423\u0440\u043e\u043a", "content_type": 30, "codename": "change_lesson"}}, {"model": "auth.permission", "pk": 90, "fields": {"name": "Can delete \u0423\u0440\u043e\u043a", "content_type": 30, "codename": "delete_lesson"}}, {"model": "auth.permission", "pk": 91, "fields": {"name": "Can add \u0414\u043e\u043c\u0430\u0448\u043d\u0435\u0435 \u0437\u0430\u0434\u0430\u043d\u0438\u0435", "content_type": 31, "codename": "add_task"}}, {"model": "auth.permission", "pk": 92, "fields": {"name": "Can change \u0414\u043e\u043c\u0430\u0448\u043d\u0435\u0435 \u0437\u0430\u0434\u0430\u043d\u0438\u0435", "content_type": 31, "codename": "change_task"}}, {"model": "auth.permission", "pk": 93, "fields": {"name": "Can delete \u0414\u043e\u043c\u0430\u0448\u043d\u0435\u0435 \u0437\u0430\u0434\u0430\u043d\u0438\u0435", "content_type": 31, "codename": "delete_task"}}, {"model": "auth.permission", "pk": 94, "fields": {"name": "Can add \u0414\u043e\u043c\u0430\u0448\u043d\u0435\u0435 \u0437\u0430\u0434\u0430\u043d\u0438\u0435, \u0443\u0440\u043e\u043a", "content_type": 32, "codename": "add_lessontask"}}, {"model": "auth.permission", "pk": 95, "fields": {"name": "Can change \u0414\u043e\u043c\u0430\u0448\u043d\u0435\u0435 \u0437\u0430\u0434\u0430\u043d\u0438\u0435, \u0443\u0440\u043e\u043a", "content_type": 32, "codename": "change_lessontask"}}, {"model": "auth.permission", "pk": 96, "fields": {"name": "Can delete \u0414\u043e\u043c\u0430\u0448\u043d\u0435\u0435 \u0437\u0430\u0434\u0430\u043d\u0438\u0435, \u0443\u0440\u043e\u043a", "content_type": 32, "codename": "delete_lessontask"}}, {"model": "auth.permission", "pk": 97, "fields": {"name": "Can add \u043f\u043e\u043b\u044c\u0437\u043e\u0432\u0430\u0442\u0435\u043b\u044c", "content_type": 33, "codename": "add_user"}}, {"model": "auth.permission", "pk": 98, "fields": {"name": "Can change \u043f\u043e\u043b\u044c\u0437\u043e\u0432\u0430\u0442\u0435\u043b\u044c", "content_type": 33, "codename": "change_user"}}, {"model": "auth.permission", "pk": 99, "fields": {"name": "Can delete \u043f\u043e\u043b\u044c\u0437\u043e\u0432\u0430\u0442\u0435\u043b\u044c", "content_type": 33, "codename": "delete_user"}}, {"model": "auth.permission", "pk": 100, "fields": {"name": "Can add \u0410\u043a\u0442\u0438\u0432\u0430\u0446\u0438\u0438\u044f \u043f\u043e\u043b\u044c\u0437\u043e\u0432\u0430\u0442\u0435\u043b\u044f", "content_type": 34, "codename": "add_useractivation"}}, {"model": "auth.permission", "pk": 101, "fields": {"name": "Can change \u0410\u043a\u0442\u0438\u0432\u0430\u0446\u0438\u0438\u044f \u043f\u043e\u043b\u044c\u0437\u043e\u0432\u0430\u0442\u0435\u043b\u044f", "content_type": 34, "codename": "change_useractivation"}}, {"model": "auth.permission", "pk": 102, "fields": {"name": "Can delete \u0410\u043a\u0442\u0438\u0432\u0430\u0446\u0438\u0438\u044f \u043f\u043e\u043b\u044c\u0437\u043e\u0432\u0430\u0442\u0435\u043b\u044f", "content_type": 34, "codename": "delete_useractivation"}}, {"model": "auth.permission", "pk": 103, "fields": {"name": "Can add \u0420\u0435\u0437\u0443\u043b\u044c\u0442\u0430\u0442 \u0443\u0440\u043e\u043a\u0430", "content_type": 35, "codename": "add_lessonresult"}}, {"model": "auth.permission", "pk": 104, "fields": {"name": "Can change \u0420\u0435\u0437\u0443\u043b\u044c\u0442\u0430\u0442 \u0443\u0440\u043e\u043a\u0430", "content_type": 35, "codename": "change_lessonresult"}}, {"model": "auth.permission", "pk": 105, "fields": {"name": "Can delete \u0420\u0435\u0437\u0443\u043b\u044c\u0442\u0430\u0442 \u0443\u0440\u043e\u043a\u0430", "content_type": 35, "codename": "delete_lessonresult"}}, {"model": "auth.permission", "pk": 106, "fields": {"name": "Can add \u0410\u043a\u0442\u0438\u0432\u0430\u0446\u0438\u0438\u044f \u043f\u043e\u043b\u044c\u0437\u043e\u0432\u0430\u0442\u0435\u043b\u044f", "content_type": 36, "codename": "add_useractivation"}}, {"model": "auth.permission", "pk": 107, "fields": {"name": "Can change \u0410\u043a\u0442\u0438\u0432\u0430\u0446\u0438\u0438\u044f \u043f\u043e\u043b\u044c\u0437\u043e\u0432\u0430\u0442\u0435\u043b\u044f", "content_type": 36, "codename": "change_useractivation"}}, {"model": "auth.permission", "pk": 108, "fields": {"name": "Can delete \u0410\u043a\u0442\u0438\u0432\u0430\u0446\u0438\u0438\u044f \u043f\u043e\u043b\u044c\u0437\u043e\u0432\u0430\u0442\u0435\u043b\u044f", "content_type": 36, "codename": "delete_useractivation"}}, {"model": "auth.permission", "pk": 109, "fields": {"name": "Can add result", "content_type": 37, "codename": "add_result"}}, {"model": "auth.permission", "pk": 110, "fields": {"name": "Can change result", "content_type": 37, "codename": "change_result"}}, {"model": "auth.permission", "pk": 111, "fields": {"name": "Can delete result", "content_type": 37, "codename": "delete_result"}}, {"model": "auth.permission", "pk": 112, "fields": {"name": "Can add \u0420\u0435\u0437\u0443\u043b\u044c\u0442\u0430\u0442 \u0443\u0440\u043e\u043a\u0430", "content_type": 38, "codename": "add_testresult"}}, {"model": "auth.permission", "pk": 113, "fields": {"name": "Can change \u0420\u0435\u0437\u0443\u043b\u044c\u0442\u0430\u0442 \u0443\u0440\u043e\u043a\u0430", "content_type": 38, "codename": "change_testresult"}}, {"model": "auth.permission", "pk": 114, "fields": {"name": "Can delete \u0420\u0435\u0437\u0443\u043b\u044c\u0442\u0430\u0442 \u0443\u0440\u043e\u043a\u0430", "content_type": 38, "codename": "delete_testresult"}}, {"model": "auth.permission", "pk": 115, "fields": {"name": "Can add \u0420\u0435\u0437\u0443\u043b\u044c\u0442\u0430\u0442 \u0443\u0440\u043e\u043a\u0430", "content_type": 39, "codename": "add_lessonresult"}}, {"model": "auth.permission", "pk": 116, "fields": {"name": "Can change \u0420\u0435\u0437\u0443\u043b\u044c\u0442\u0430\u0442 \u0443\u0440\u043e\u043a\u0430", "content_type": 39, "codename": "change_lessonresult"}}, {"model": "auth.permission", "pk": 117, "fields": {"name": "Can delete \u0420\u0435\u0437\u0443\u043b\u044c\u0442\u0430\u0442 \u0443\u0440\u043e\u043a\u0430", "content_type": 39, "codename": "delete_lessonresult"}}, {"model": "auth.permission", "pk": 118, "fields": {"name": "Can add group", "content_type": 2, "codename": "add_group"}}, {"model": "auth.permission", "pk": 119, "fields": {"name": "Can change group", "content_type": 2, "codename": "change_group"}}, {"model": "auth.permission", "pk": 120, "fields": {"name": "Can delete group", "content_type": 2, "codename": "delete_group"}}, {"model": "auth.permission", "pk": 121, "fields": {"name": "Can add permission", "content_type": 3, "codename": "add_permission"}}, {"model": "auth.permission", "pk": 122, "fields": {"name": "Can change permission", "content_type": 3, "codename": "change_permission"}}, {"model": "auth.permission", "pk": 123, "fields": {"name": "Can delete permission", "content_type": 3, "codename": "delete_permission"}}, {"model": "auth.permission", "pk": 124, "fields": {"name": "Can add block", "content_type": 8, "codename": "add_block"}}, {"model": "auth.permission", "pk": 125, "fields": {"name": "Can change block", "content_type": 8, "codename": "change_block"}}, {"model": "auth.permission", "pk": 126, "fields": {"name": "Can delete block", "content_type": 8, "codename": "delete_block"}}, {"model": "auth.permission", "pk": 127, "fields": {"name": "Can add \u0442\u0435\u043a\u0441\u0442\u043e\u0432\u0430\u044f \u0441\u0442\u0430\u0442\u044c\u044f", "content_type": 10, "codename": "add_textblock"}}, {"model": "auth.permission", "pk": 128, "fields": {"name": "Can change \u0442\u0435\u043a\u0441\u0442\u043e\u0432\u0430\u044f \u0441\u0442\u0430\u0442\u044c\u044f", "content_type": 10, "codename": "change_textblock"}}, {"model": "auth.permission", "pk": 129, "fields": {"name": "Can delete \u0442\u0435\u043a\u0441\u0442\u043e\u0432\u0430\u044f \u0441\u0442\u0430\u0442\u044c\u044f", "content_type": 10, "codename": "delete_textblock"}}, {"model": "auth.permission", "pk": 130, "fields": {"name": "Can add \u0442\u0435\u0441\u0442\u043e\u0432\u044b\u0439 \u0432\u043e\u043f\u0440\u043e\u0441", "content_type": 11, "codename": "add_choiceblock"}}, {"model": "auth.permission", "pk": 131, "fields": {"name": "Can change \u0442\u0435\u0441\u0442\u043e\u0432\u044b\u0439 \u0432\u043e\u043f\u0440\u043e\u0441", "content_type": 11, "codename": "change_choiceblock"}}, {"model": "auth.permission", "pk": 132, "fields": {"name": "Can delete \u0442\u0435\u0441\u0442\u043e\u0432\u044b\u0439 \u0432\u043e\u043f\u0440\u043e\u0441", "content_type": 11, "codename": "delete_choiceblock"}}, {"model": "auth.permission", "pk": 133, "fields": {"name": "Can add \u0432\u043a\u043b\u044e\u0447\u0435\u043d\u0438\u0435 \u0431\u043b\u043e\u043a\u0430 \u0432 \u0443\u0440\u043e\u043a", "content_type": 6, "codename": "add_lessonblockrelation"}}, {"model": "auth.permission", "pk": 134, "fields": {"name": "Can change \u0432\u043a\u043b\u044e\u0447\u0435\u043d\u0438\u0435 \u0431\u043b\u043e\u043a\u0430 \u0432 \u0443\u0440\u043e\u043a", "content_type": 6, "codename": "change_lessonblockrelation"}}, {"model": "auth.permission", "pk": 135, "fields": {"name": "Can delete \u0432\u043a\u043b\u044e\u0447\u0435\u043d\u0438\u0435 \u0431\u043b\u043e\u043a\u0430 \u0432 \u0443\u0440\u043e\u043a", "content_type": 6, "codename": "delete_lessonblockrelation"}}, {"model": "auth.permission", "pk": 136, "fields": {"name": "Can add \u0412\u0430\u0440\u0438\u0430\u043d\u0442 \u043e\u0442\u0432\u0435\u0442\u0430 \u043d\u0430 \u0442\u0435\u0441\u0442\u043e\u0432\u044b\u0439 \u0432\u043e\u043f\u0440\u043e\u0441", "content_type": 7, "codename": "add_choiceblockoption"}}, {"model": "auth.permission", "pk": 137, "fields": {"name": "Can change \u0412\u0430\u0440\u0438\u0430\u043d\u0442 \u043e\u0442\u0432\u0435\u0442\u0430 \u043d\u0430 \u0442\u0435\u0441\u0442\u043e\u0432\u044b\u0439 \u0432\u043e\u043f\u0440\u043e\u0441", "content_type": 7, "codename": "change_choiceblockoption"}}, {"model": "auth.permission", "pk": 138, "fields": {"name": "Can delete \u0412\u0430\u0440\u0438\u0430\u043d\u0442 \u043e\u0442\u0432\u0435\u0442\u0430 \u043d\u0430 \u0442\u0435\u0441\u0442\u043e\u0432\u044b\u0439 \u0432\u043e\u043f\u0440\u043e\u0441", "content_type": 7, "codename": "delete_choiceblockoption"}}, {"model": "auth.permission", "pk": 139, "fields": {"name": "Can add \u0437\u0430\u0434\u0430\u0447\u0430 \u0441 \u0447\u0438\u0441\u043b\u0435\u043d\u043d\u044b\u043c \u043e\u0442\u0432\u0435\u0442\u043e\u043c", "content_type": 9, "codename": "add_floatblock"}}, {"model": "auth.permission", "pk": 140, "fields": {"name": "Can change \u0437\u0430\u0434\u0430\u0447\u0430 \u0441 \u0447\u0438\u0441\u043b\u0435\u043d\u043d\u044b\u043c \u043e\u0442\u0432\u0435\u0442\u043e\u043c", "content_type": 9, "codename": "change_floatblock"}}, {"model": "auth.permission", "pk": 141, "fields": {"name": "Can delete \u0437\u0430\u0434\u0430\u0447\u0430 \u0441 \u0447\u0438\u0441\u043b\u0435\u043d\u043d\u044b\u043c \u043e\u0442\u0432\u0435\u0442\u043e\u043c", "content_type": 9, "codename": "delete_floatblock"}}, {"model": "auth.permission", "pk": 142, "fields": {"name": "Can add \u041a\u0443\u0440\u0441", "content_type": 13, "codename": "add_course"}}, {"model": "auth.permission", "pk": 143, "fields": {"name": "Can change \u041a\u0443\u0440\u0441", "content_type": 13, "codename": "change_course"}}, {"model": "auth.permission", "pk": 144, "fields": {"name": "Can delete \u041a\u0443\u0440\u0441", "content_type": 13, "codename": "delete_course"}}, {"model": "auth.permission", "pk": 145, "fields": {"name": "Can add \u041f\u043e\u0440\u044f\u0434\u043a\u043e\u0432\u043e\u0435 \u0432\u043a\u043b\u044e\u0447\u0435\u043d\u0438\u0435 \u043c\u043e\u0434\u0443\u043b\u0435\u0439 \u0432 \u043a\u0443\u0440\u0441", "content_type": 12, "codename": "add_coursemodulerelation"}}, {"model": "auth.permission", "pk": 146, "fields": {"name": "Can change \u041f\u043e\u0440\u044f\u0434\u043a\u043e\u0432\u043e\u0435 \u0432\u043a\u043b\u044e\u0447\u0435\u043d\u0438\u0435 \u043c\u043e\u0434\u0443\u043b\u0435\u0439 \u0432 \u043a\u0443\u0440\u0441", "content_type": 12, "codename": "change_coursemodulerelation"}}, {"model": "auth.permission", "pk": 147, "fields": {"name": "Can delete \u041f\u043e\u0440\u044f\u0434\u043a\u043e\u0432\u043e\u0435 \u0432\u043a\u043b\u044e\u0447\u0435\u043d\u0438\u0435 \u043c\u043e\u0434\u0443\u043b\u0435\u0439 \u0432 \u043a\u0443\u0440\u0441", "content_type": 12, "codename": "delete_coursemodulerelation"}}, {"model": "auth.permission", "pk": 148, "fields": {"name": "Can add \u0421\u0432\u044f\u0437\u044c \u0443\u0447\u0435\u043d\u0438\u043a\u0430 \u0441 \u043a\u0443\u0440\u0441\u043e\u043c", "content_type": 14, "codename": "add_studentcourserelation"}}, {"model": "auth.permission", "pk": 149, "fields": {"name": "Can change \u0421\u0432\u044f\u0437\u044c \u0443\u0447\u0435\u043d\u0438\u043a\u0430 \u0441 \u043a\u0443\u0440\u0441\u043e\u043c", "content_type": 14, "codename": "change_studentcourserelation"}}, {"model": "auth.permission", "pk": 150, "fields": {"name": "Can delete \u0421\u0432\u044f\u0437\u044c \u0443\u0447\u0435\u043d\u0438\u043a\u0430 \u0441 \u043a\u0443\u0440\u0441\u043e\u043c", "content_type": 14, "codename": "delete_studentcourserelation"}}, {"model": "auth.permission", "pk": 151, "fields": {"name": "Can add \u0421\u0432\u044f\u0437\u044c \u0443\u0447\u0435\u043d\u0438\u043a\u0430 \u0441 \u0443\u0437\u043b\u043e\u043c", "content_type": 15, "codename": "add_studentnoderelation"}}, {"model": "auth.permission", "pk": 152, "fields": {"name": "Can change \u0421\u0432\u044f\u0437\u044c \u0443\u0447\u0435\u043d\u0438\u043a\u0430 \u0441 \u0443\u0437\u043b\u043e\u043c", "content_type": 15, "codename": "change_studentnoderelation"}}, {"model": "auth.permission", "pk": 153, "fields": {"name": "Can delete \u0421\u0432\u044f\u0437\u044c \u0443\u0447\u0435\u043d\u0438\u043a\u0430 \u0441 \u0443\u0437\u043b\u043e\u043c", "content_type": 15, "codename": "delete_studentnoderelation"}}, {"model": "auth.permission", "pk": 154, "fields": {"name": "Can add \u0421\u0432\u044f\u0437\u044c \u0443\u0447\u0435\u043d\u0438\u043a\u0430 \u0441 \u0443\u0440\u043e\u043a\u043e\u043c", "content_type": 18, "codename": "add_studentlessonrelation"}}, {"model": "auth.permission", "pk": 155, "fields": {"name": "Can change \u0421\u0432\u044f\u0437\u044c \u0443\u0447\u0435\u043d\u0438\u043a\u0430 \u0441 \u0443\u0440\u043e\u043a\u043e\u043c", "content_type": 18, "codename": "change_studentlessonrelation"}}, {"model": "auth.permission", "pk": 156, "fields": {"name": "Can delete \u0421\u0432\u044f\u0437\u044c \u0443\u0447\u0435\u043d\u0438\u043a\u0430 \u0441 \u0443\u0440\u043e\u043a\u043e\u043c", "content_type": 18, "codename": "delete_studentlessonrelation"}}, {"model": "auth.permission", "pk": 157, "fields": {"name": "Can add \u0421\u0432\u044f\u0437\u044c \u0443\u0447\u0435\u043d\u0438\u043a\u0430 \u0441 \u0443\u0447\u0438\u0442\u0435\u043b\u0435\u043c", "content_type": 17, "codename": "add_studentteacherrelation"}}, {"model": "auth.permission", "pk": 158, "fields": {"name": "Can change \u0421\u0432\u044f\u0437\u044c \u0443\u0447\u0435\u043d\u0438\u043a\u0430 \u0441 \u0443\u0447\u0438\u0442\u0435\u043b\u0435\u043c", "content_type": 17, "codename": "change_studentteacherrelation"}}, {"model": "auth.permission", "pk": 159, "fields": {"name": "Can delete \u0421\u0432\u044f\u0437\u044c \u0443\u0447\u0435\u043d\u0438\u043a\u0430 \u0441 \u0443\u0447\u0438\u0442\u0435\u043b\u0435\u043c", "content_type": 17, "codename": "delete_studentteacherrelation"}}, {"model": "auth.permission", "pk": 160, "fields": {"name": "Can add \u0421\u0432\u044f\u0437\u044c \u0443\u0447\u0435\u043d\u0438\u043a\u0430 \u0441 \u0443\u0440\u043e\u043a\u043e\u043c", "content_type": 16, "codename": "add_studentmodulerelation"}}, {"model": "auth.permission", "pk": 161, "fields": {"name": "Can change \u0421\u0432\u044f\u0437\u044c \u0443\u0447\u0435\u043d\u0438\u043a\u0430 \u0441 \u0443\u0440\u043e\u043a\u043e\u043c", "content_type": 16, "codename": "change_studentmodulerelation"}}, {"model": "auth.permission", "pk": 162, "fields": {"name": "Can delete \u0421\u0432\u044f\u0437\u044c \u0443\u0447\u0435\u043d\u0438\u043a\u0430 \u0441 \u0443\u0440\u043e\u043a\u043e\u043c", "content_type": 16, "codename": "delete_studentmodulerelation"}}, {"model": "auth.permission", "pk": 163, "fields": {"name": "Can add \u0423\u0437\u0435\u043b", "content_type": 20, "codename": "add_node"}}, {"model": "auth.permission", "pk": 164, "fields": {"name": "Can change \u0423\u0437\u0435\u043b", "content_type": 20, "codename": "change_node"}}, {"model": "auth.permission", "pk": 165, "fields": {"name": "Can delete \u0423\u0437\u0435\u043b", "content_type": 20, "codename": "delete_node"}}, {"model": "auth.permission", "pk": 166, "fields": {"name": "Can add \u0421\u0432\u044f\u0437\u044c \u043c\u0435\u0436\u0434\u0443 \u0443\u0437\u043b\u0430\u043c\u0438", "content_type": 19, "codename": "add_noderelation"}}, {"model": "auth.permission", "pk": 167, "fields": {"name": "Can change \u0421\u0432\u044f\u0437\u044c \u043c\u0435\u0436\u0434\u0443 \u0443\u0437\u043b\u0430\u043c\u0438", "content_type": 19, "codename": "change_noderelation"}}, {"model": "auth.permission", "pk": 168, "fields": {"name": "Can delete \u0421\u0432\u044f\u0437\u044c \u043c\u0435\u0436\u0434\u0443 \u0443\u0437\u043b\u0430\u043c\u0438", "content_type": 19, "codename": "delete_noderelation"}}, {"model": "auth.permission", "pk": 169, "fields": {"name": "Can add \u0421\u0432\u044f\u0437\u044c \u043c\u0435\u0436\u0434\u0443 Subject \u0438 Module", "content_type": 22, "codename": "add_subjectmodulerelation"}}, {"model": "auth.permission", "pk": 170, "fields": {"name": "Can change \u0421\u0432\u044f\u0437\u044c \u043c\u0435\u0436\u0434\u0443 Subject \u0438 Module", "content_type": 22, "codename": "change_subjectmodulerelation"}}, {"model": "auth.permission", "pk": 171, "fields": {"name": "Can delete \u0421\u0432\u044f\u0437\u044c \u043c\u0435\u0436\u0434\u0443 Subject \u0438 Module", "content_type": 22, "codename": "delete_subjectmodulerelation"}}, {"model": "auth.permission", "pk": 172, "fields": {"name": "Can add \u041f\u043e\u0434\u0440\u0430\u0437\u0434\u0435\u043b \u043c\u043e\u0434\u0443\u043b\u044f", "content_type": 26, "codename": "add_unit"}}, {"model": "auth.permission", "pk": 173, "fields": {"name": "Can change \u041f\u043e\u0434\u0440\u0430\u0437\u0434\u0435\u043b \u043c\u043e\u0434\u0443\u043b\u044f", "content_type": 26, "codename": "change_unit"}}, {"model": "auth.permission", "pk": 174, "fields": {"name": "Can delete \u041f\u043e\u0434\u0440\u0430\u0437\u0434\u0435\u043b \u043c\u043e\u0434\u0443\u043b\u044f", "content_type": 26, "codename": "delete_unit"}}, {"model": "auth.permission", "pk": 175, "fields": {"name": "Can add \u0423\u0440\u043e\u043a", "content_type": 27, "codename": "add_lesson"}}, {"model": "auth.permission", "pk": 176, "fields": {"name": "Can change \u0423\u0440\u043e\u043a", "content_type": 27, "codename": "change_lesson"}}, {"model": "auth.permission", "pk": 177, "fields": {"name": "Can delete \u0423\u0440\u043e\u043a", "content_type": 27, "codename": "delete_lesson"}}, {"model": "auth.permission", "pk": 178, "fields": {"name": "Can add \u041f\u0440\u0435\u0434\u043c\u0435\u0442", "content_type": 24, "codename": "add_subject"}}, {"model": "auth.permission", "pk": 179, "fields": {"name": "Can change \u041f\u0440\u0435\u0434\u043c\u0435\u0442", "content_type": 24, "codename": "change_subject"}}, {"model": "auth.permission", "pk": 180, "fields": {"name": "Can delete \u041f\u0440\u0435\u0434\u043c\u0435\u0442", "content_type": 24, "codename": "delete_subject"}}, {"model": "auth.permission", "pk": 181, "fields": {"name": "Can add \u041c\u043e\u0434\u0443\u043b\u044c", "content_type": 21, "codename": "add_module"}}, {"model": "auth.permission", "pk": 182, "fields": {"name": "Can change \u041c\u043e\u0434\u0443\u043b\u044c", "content_type": 21, "codename": "change_module"}}, {"model": "auth.permission", "pk": 183, "fields": {"name": "Can delete \u041c\u043e\u0434\u0443\u043b\u044c", "content_type": 21, "codename": "delete_module"}}, {"model": "auth.permission", "pk": 184, "fields": {"name": "Can add \u0421\u0432\u044f\u0437\u044c \u043c\u0435\u0436\u0434\u0443 Module \u0438 Unit", "content_type": 25, "codename": "add_moduleunitrelation"}}, {"model": "auth.permission", "pk": 185, "fields": {"name": "Can change \u0421\u0432\u044f\u0437\u044c \u043c\u0435\u0436\u0434\u0443 Module \u0438 Unit", "content_type": 25, "codename": "change_moduleunitrelation"}}, {"model": "auth.permission", "pk": 186, "fields": {"name": "Can delete \u0421\u0432\u044f\u0437\u044c \u043c\u0435\u0436\u0434\u0443 Module \u0438 Unit", "content_type": 25, "codename": "delete_moduleunitrelation"}}, {"model": "auth.permission", "pk": 187, "fields": {"name": "Can add \u0414\u043e\u043c\u0430\u0448\u043d\u0435\u0435 \u0437\u0430\u0434\u0430\u043d\u0438\u0435", "content_type": 28, "codename": "add_task"}}, {"model": "auth.permission", "pk": 188, "fields": {"name": "Can change \u0414\u043e\u043c\u0430\u0448\u043d\u0435\u0435 \u0437\u0430\u0434\u0430\u043d\u0438\u0435", "content_type": 28, "codename": "change_task"}}, {"model": "auth.permission", "pk": 189, "fields": {"name": "Can delete \u0414\u043e\u043c\u0430\u0448\u043d\u0435\u0435 \u0437\u0430\u0434\u0430\u043d\u0438\u0435", "content_type": 28, "codename": "delete_task"}}, {"model": "auth.permission", "pk": 190, "fields": {"name": "Can add \u0414\u043e\u043c\u0430\u0448\u043d\u0435\u0435 \u0437\u0430\u0434\u0430\u043d\u0438\u0435, \u0443\u0440\u043e\u043a", "content_type": 29, "codename": "add_lessontask"}}, {"model": "auth.permission", "pk": 191, "fields": {"name": "Can change \u0414\u043e\u043c\u0430\u0448\u043d\u0435\u0435 \u0437\u0430\u0434\u0430\u043d\u0438\u0435, \u0443\u0440\u043e\u043a", "content_type": 29, "codename": "change_lessontask"}}, {"model": "auth.permission", "pk": 192, "fields": {"name": "Can delete \u0414\u043e\u043c\u0430\u0448\u043d\u0435\u0435 \u0437\u0430\u0434\u0430\u043d\u0438\u0435, \u0443\u0440\u043e\u043a", "content_type": 29, "codename": "delete_lessontask"}}, {"model": "auth.permission", "pk": 193, "fields": {"name": "Can add \u0412\u043a\u043b\u044e\u0447\u0435\u043d\u0438\u0435 \u0431\u043b\u043e\u043a\u0430 \u0432 \u0442\u0435\u0441\u0442", "content_type": 31, "codename": "add_testblockrelation"}}, {"model": "auth.permission", "pk": 194, "fields": {"name": "Can change \u0412\u043a\u043b\u044e\u0447\u0435\u043d\u0438\u0435 \u0431\u043b\u043e\u043a\u0430 \u0432 \u0442\u0435\u0441\u0442", "content_type": 31, "codename": "change_testblockrelation"}}, {"model": "auth.permission", "pk": 195, "fields": {"name": "Can delete \u0412\u043a\u043b\u044e\u0447\u0435\u043d\u0438\u0435 \u0431\u043b\u043e\u043a\u0430 \u0432 \u0442\u0435\u0441\u0442", "content_type": 31, "codename": "delete_testblockrelation"}}, {"model": "auth.permission", "pk": 196, "fields": {"name": "Can add \u0422\u0435\u0441\u0442", "content_type": 30, "codename": "add_test"}}, {"model": "auth.permission", "pk": 197, "fields": {"name": "Can change \u0422\u0435\u0441\u0442", "content_type": 30, "codename": "change_test"}}, {"model": "auth.permission", "pk": 198, "fields": {"name": "Can delete \u0422\u0435\u0441\u0442", "content_type": 30, "codename": "delete_test"}}, {"model": "auth.permission", "pk": 199, "fields": {"name": "Can add \u0410\u043a\u0442\u0438\u0432\u0430\u0446\u0438\u0438\u044f \u043f\u043e\u043b\u044c\u0437\u043e\u0432\u0430\u0442\u0435\u043b\u044f", "content_type": 32, "codename": "add_useractivation"}}, {"model": "auth.permission", "pk": 200, "fields": {"name": "Can change \u0410\u043a\u0442\u0438\u0432\u0430\u0446\u0438\u0438\u044f \u043f\u043e\u043b\u044c\u0437\u043e\u0432\u0430\u0442\u0435\u043b\u044f", "content_type": 32, "codename": "change_useractivation"}}, {"model": "auth.permission", "pk": 201, "fields": {"name": "Can delete \u0410\u043a\u0442\u0438\u0432\u0430\u0446\u0438\u0438\u044f \u043f\u043e\u043b\u044c\u0437\u043e\u0432\u0430\u0442\u0435\u043b\u044f", "content_type": 32, "codename": "delete_useractivation"}}, {"model": "auth.permission", "pk": 202, "fields": {"name": "Can add result", "content_type": 34, "codename": "add_result"}}, {"model": "auth.permission", "pk": 203, "fields": {"name": "Can change result", "content_type": 34, "codename": "change_result"}}, {"model": "auth.permission", "pk": 204, "fields": {"name": "Can delete result", "content_type": 34, "codename": "delete_result"}}, {"model": "auth.permission", "pk": 205, "fields": {"name": "Can add \u0420\u0435\u0437\u0443\u043b\u044c\u0442\u0430\u0442 \u043e\u0442\u0432\u0435\u0442\u0430 \u043d\u0430 \u0431\u043b\u043e\u043a", "content_type": 36, "codename": "add_blockresult"}}, {"model": "auth.permission", "pk": 206, "fields": {"name": "Can change \u0420\u0435\u0437\u0443\u043b\u044c\u0442\u0430\u0442 \u043e\u0442\u0432\u0435\u0442\u0430 \u043d\u0430 \u0431\u043b\u043e\u043a", "content_type": 36, "codename": "change_blockresult"}}, {"model": "auth.permission", "pk": 207, "fields": {"name": "Can delete \u0420\u0435\u0437\u0443\u043b\u044c\u0442\u0430\u0442 \u043e\u0442\u0432\u0435\u0442\u0430 \u043d\u0430 \u0431\u043b\u043e\u043a", "content_type": 36, "codename": "delete_blockresult"}}, {"model": "auth.permission", "pk": 208, "fields": {"name": "Can add \u0420\u0435\u0437\u0443\u043b\u044c\u0442\u0430\u0442 \u043e\u0442\u0432\u0435\u0442\u0430 \u043d\u0430 \u0437\u0430\u0434\u0430\u0447\u0443", "content_type": 39, "codename": "add_floatblockresult"}}, {"model": "auth.permission", "pk": 209, "fields": {"name": "Can change \u0420\u0435\u0437\u0443\u043b\u044c\u0442\u0430\u0442 \u043e\u0442\u0432\u0435\u0442\u0430 \u043d\u0430 \u0437\u0430\u0434\u0430\u0447\u0443", "content_type": 39, "codename": "change_floatblockresult"}}, {"model": "auth.permission", "pk": 210, "fields": {"name": "Can delete \u0420\u0435\u0437\u0443\u043b\u044c\u0442\u0430\u0442 \u043e\u0442\u0432\u0435\u0442\u0430 \u043d\u0430 \u0437\u0430\u0434\u0430\u0447\u0443", "content_type": 39, "codename": "delete_floatblockresult"}}, {"model": "auth.permission", "pk": 211, "fields": {"name": "Can add \u0420\u0435\u0437\u0443\u043b\u044c\u0442\u0430\u0442 \u043e\u0442\u0432\u0435\u0442\u0430 \u043d\u0430 \u0442\u0435\u0441\u0442\u043e\u0432\u044b\u0439 \u0432\u043e\u043f\u0440\u043e\u0441", "content_type": 37, "codename": "add_choiceblockresult"}}, {"model": "auth.permission", "pk": 212, "fields": {"name": "Can change \u0420\u0435\u0437\u0443\u043b\u044c\u0442\u0430\u0442 \u043e\u0442\u0432\u0435\u0442\u0430 \u043d\u0430 \u0442\u0435\u0441\u0442\u043e\u0432\u044b\u0439 \u0432\u043e\u043f\u0440\u043e\u0441", "content_type": 37, "codename": "change_choiceblockresult"}}, {"model": "auth.permission", "pk": 213, "fields": {"name": "Can delete \u0420\u0435\u0437\u0443\u043b\u044c\u0442\u0430\u0442 \u043e\u0442\u0432\u0435\u0442\u0430 \u043d\u0430 \u0442\u0435\u0441\u0442\u043e\u0432\u044b\u0439 \u0432\u043e\u043f\u0440\u043e\u0441", "content_type": 37, "codename": "delete_choiceblockresult"}}, {"model": "auth.permission", "pk": 214, "fields": {"name": "Can add \u0421\u0432\u044f\u0437\u044c \u0440\u0435\u0437\u0443\u043b\u044c\u0442\u0430\u0442\u0430 \u0443\u0440\u043e\u043a\u0430 \u0441 \u0440\u0435\u0437\u0443\u043b\u044c\u0442\u0430\u0442\u043e\u043c \u0431\u043b\u043e\u043a\u0430", "content_type": 40, "codename": "add_lessonresultblockresultrelation"}}, {"model": "auth.permission", "pk": 215, "fields": {"name": "Can change \u0421\u0432\u044f\u0437\u044c \u0440\u0435\u0437\u0443\u043b\u044c\u0442\u0430\u0442\u0430 \u0443\u0440\u043e\u043a\u0430 \u0441 \u0440\u0435\u0437\u0443\u043b\u044c\u0442\u0430\u0442\u043e\u043c \u0431\u043b\u043e\u043a\u0430", "content_type": 40, "codename": "change_lessonresultblockresultrelation"}}, {"model": "auth.permission", "pk": 216, "fields": {"name": "Can delete \u0421\u0432\u044f\u0437\u044c \u0440\u0435\u0437\u0443\u043b\u044c\u0442\u0430\u0442\u0430 \u0443\u0440\u043e\u043a\u0430 \u0441 \u0440\u0435\u0437\u0443\u043b\u044c\u0442\u0430\u0442\u043e\u043c \u0431\u043b\u043e\u043a\u0430", "content_type": 40, "codename": "delete_lessonresultblockresultrelation"}}, {"model": "sessions.session", "pk": "12our7m8ugzxbfm2zy6u77p2kqw4d2sa", "fields": {"session_data": "NTIxOTU4NTFmM2M5MzY1ZmEyMWMxMDdiMDczNGI1Y2VmYzc2N2ZjNzp7Il9hdXRoX3VzZXJfaGFzaCI6ImQ2ZGQ4OWQyNjdiZjcyODc5MGM1ZjA1NDAzNWUyYTRlN2MwNWZkYWQiLCJfYXV0aF91c2VyX2lkIjoiMiIsIl9hdXRoX3VzZXJfYmFja2VuZCI6ImRqYW5nby5jb250cmliLmF1dGguYmFja2VuZHMuTW9kZWxCYWNrZW5kIn0=", "expire_date": "2016-12-07T06:18:31.823Z"}}, {"model": "sessions.session", "pk": "20ymm9u47ckyohgn0q9mdhnet2ap59sx", "fields": {"session_data": "ZTUxZmFmOTA3NDUyZmE0MTlmOTJiYjdhOGY4MDY5MmFlOWFmNjkzMDp7Il9hdXRoX3VzZXJfaWQiOiIxIiwiX2F1dGhfdXNlcl9iYWNrZW5kIjoiZGphbmdvLmNvbnRyaWIuYXV0aC5iYWNrZW5kcy5Nb2RlbEJhY2tlbmQiLCJfYXV0aF91c2VyX2hhc2giOiI0MTZiMDYxZjAyY2YwZTIwNzM4OTU4ZTRkNWJkZjNlZWFiMzFjOTA1In0=", "expire_date": "2016-12-06T17:42:18.618Z"}}, {"model": "sessions.session", "pk": "dw9d8kxqg4oiksquakcljdxqms09mjjh", "fields": {"session_data": "ZTc0YWU1Y2UwMWMxZDYxMzNhMDBkMWEwNWY1MDg5ZTI5ZjBhODY0MDp7Il9hdXRoX3VzZXJfYmFja2VuZCI6ImRqYW5nby5jb250cmliLmF1dGguYmFja2VuZHMuTW9kZWxCYWNrZW5kIiwiX2F1dGhfdXNlcl9oYXNoIjoiNDE2YjA2MWYwMmNmMGUyMDczODk1OGU0ZDViZGYzZWVhYjMxYzkwNSIsIl9hdXRoX3VzZXJfaWQiOiIxIn0=", "expire_date": "2016-12-05T17:35:36.993Z"}}, {"model": "sessions.session", "pk": "u14hi8tzsi1p68ividtj584jo5uskriy", "fields": {"session_data": "YjVmNDY5NGZlYWRkNDg0NTg4ZmUxMWY0N2ZjYjA1MTU2MWUyNjQ2Mzp7Il9hdXRoX3VzZXJfYmFja2VuZCI6ImRqYW5nby5jb250cmliLmF1dGguYmFja2VuZHMuTW9kZWxCYWNrZW5kIiwiX2F1dGhfdXNlcl9oYXNoIjoiZDZkZDg5ZDI2N2JmNzI4NzkwYzVmMDU0MDM1ZTJhNGU3YzA1ZmRhZCIsIl9hdXRoX3VzZXJfaWQiOiIyIn0=", "expire_date": "2016-12-05T17:43:16.682Z"}}, {"model": "blocks.block", "pk": 1, "fields": {}}, {"model": "blocks.block", "pk": 2, "fields": {}}, {"model": "blocks.block", "pk": 3, "fields": {}}, {"model": "blocks.textblock", "pk": 1, "fields": {"title": "\u041f\u0435\u0440\u0432\u0430\u044f \u0442\u0435\u043a\u0441\u0442\u043e\u0432\u0430\u044f \u0441\u0442\u0430\u0442\u044c\u044f", "body": "\u0432\u0430\u044b\u043f\u0432\u0430\u044b\u043f\u044b\u0432\u0430\u043f\r\n\u0432\u044b\u0430\u043f\r\n\u044b\u0432dfsg\r\nfsgdfsg\r\n\r\n\\(\\frac{1}{10}\\)"}}, {"model": "blocks.choiceblock", "pk": 2, "fields": {"question_text": "\u0421\u043a\u043e\u043b\u044c\u043a\u043e \u0431\u0443\u0434\u0435\u0442 4*4;", "image": ""}}, {"model": "blocks.choiceblockoption", "pk": 1, "fields": {"choice_block": 2, "option_text": "16", "option_image": "", "help_text": "", "is_true": true}}, {"model": "blocks.choiceblockoption", "pk": 2, "fields": {"choice_block": 2, "option_text": "15", "option_image": "", "help_text": "", "is_true": false}}, {"model": "blocks.choiceblockoption", "pk": 3, "fields": {"choice_block": 2, "option_text": "14", "option_image": "", "help_text": "", "is_true": false}}, {"model": "blocks.choiceblockoption", "pk": 4, "fields": {"choice_block": 2, "option_text": "13", "option_image": "", "help_text": "", "is_true": false}}, {"model": "blocks.floatblock", "pk": 3, "fields": {"question_text": "\u0421\u043a\u043e\u043b\u044c\u043a\u043e \u0431\u0443\u0434\u0435\u0442 2*2", "image": "", "answer": 4.0}}, {"model": "blocks.lessonblockrelation", "pk": 1, "fields": {"lesson": 4, "block": 1, "order": 1}}, {"model": "blocks.lessonblockrelation", "pk": 2, "fields": {"lesson": 4, "block": 2, "order": 2}}, {"model": "blocks.lessonblockrelation", "pk": 3, "fields": {"lesson": 4, "block": 3, "order": 3}}, {"model": "courses.coursemodulerelation", "pk": 1, "fields": {"course": 1, "module": 2, "order": 1}}, {"model": "nodes.node", "pk": 1, "fields": {"title": "\u0424\u0438\u0437\u0438\u043a\u0430"}}, {"model": "nodes.node", "pk": 2, "fields": {"title": "\u041c\u0435\u0445\u0430\u043d\u0438\u043a\u0430"}}, {"model": "nodes.node", "pk": 3, "fields": {"title": "\u041a\u0438\u043d\u0435\u043c\u0430\u0442\u0438\u043a\u0430"}}, {"model": "nodes.node", "pk": 4, "fields": {"title": "\u041f\u0440\u044f\u043c\u043e\u043b\u0438\u043d\u0435\u0439\u043d\u043e\u0435 \u0434\u0432\u0438\u0436\u0435\u043d\u0438\u0435"}}, {"model": "nodes.subject", "pk": 1, "fields": {"image": "subjects/\u0413\u0440\u0430\u0444\u0438\u043a_DerI045.png"}}, {"model": "nodes.module", "pk": 2, "fields": {}}, {"model": "nodes.unit", "pk": 3, "fields": {}}, {"model": "nodes.lesson", "pk": 4, "fields": {"about": "\u041e\u043f\u0438\u0441\u0430\u043d\u0438\u0435 \u043f\u0440\u044f\u043c\u043e\u043b\u0438\u043d\u0435\u0439\u043d\u043e\u0433\u043e \u0434\u0432\u0438\u0436\u0435\u043d\u0438\u044f"}}, {"model": "nodes.noderelation", "pk": 1, "fields": {"parent": 1, "child": 2}}, {"model": "nodes.noderelation", "pk": 2, "fields": {"parent": 2, "child": 3}}, {"model": "nodes.noderelation", "pk": 3, "fields": {"parent": 3, "child": 4}}, {"model": "nodes.subjectmodulerelation", "pk": 1, "fields": {}}, {"model": "nodes.moduleunitrelation", "pk": 2, "fields": {}}, {"model": "nodes.unitlessonrelation", "pk": 3, "fields": {}}, {"model": "testing.test", "pk": 1, "fields": {"title": "\u041f\u0435\u0440\u0432\u044b\u0439 \u0442\u0435\u0441\u0442", "about": "\u041e\u043f\u0438\u0441\u0430\u043d\u0438\u0435 \u043f\u0435\u0440\u0432\u043e\u0433\u043e \u0442\u0435\u0441\u0442\u0430"}}, {"model": "testing.testblockrelation", "pk": 1, "fields": {"test": 1, "block": 2, "order": 1}}, {"model": "testing.testblockrelation", "pk": 2, "fields": {"test": 1, "block": 3, "order": 2}}, {"model": "users.user", "pk": 1, "fields": {"password": "pbkdf2_sha256$30000$r7Slk1QQ90Jj$L911FoIIR2JajI/kT2pXNL/byKF4TY8r4cPgLBNqlp8=", "last_login": "2016-11-22T17:42:18.615Z", "email": "harchenko.grape@gmail.com", "vkuserid": null, "b_date": "1992-12-21", "first_name": "Vitaliy", "last_name": "Harchenko", "sex": "m", "is_active": true, "is_staff": true, "is_teacher": true}}, {"model": "users.user", "pk": 2, "fields": {"password": "pbkdf2_sha256$30000$4KJ1N3MqWcGX$BIMgzIiiHVwhw/OGz5C4hffwc8Gn0NFKDnynFce5DAw=", "last_login": "2016-11-23T06:18:31.819Z", "email": "me@harchenko.pro", "vkuserid": null, "b_date": "1992-12-21", "first_name": "R2D2", "last_name": "\u041f\u0430\u0434\u0430\u0432\u0430\u043d", "sex": "m", "is_active": true, "is_staff": false, "is_teacher": false}}, {"model": "users.useractivation", "pk": 1, "fields": {"user": 2, "activation_key": "eyJlbWFpbCI6Im1lQGhhcmNoZW5rby5wcm8ifQ:1c8scA:rOr1cIQB57nUV7V2uxW7Us_uwZI", "request_time": "2016-11-21T17:42:46.680Z", "confirm_time": "2016-11-21T17:43:16.357Z"}}, {"model": "results.result", "pk": 3, "fields": {"student": 1, "date": "2016-11-22T17:59:20.053Z", "score": 4, "max_score": 4}}, {"model": "results.result", "pk": 4, "fields": {"student": 1, "date": "2016-11-22T17:59:48.696Z", "score": 4, "max_score": 4}}, {"model": "results.result", "pk": 5, "fields": {"student": 1, "date": "2016-11-22T18:03:52.794Z", "score": 4, "max_score": 4}}, {"model": "results.result", "pk": 6, "fields": {"student": 1, "date": "2016-11-22T18:04:15.649Z", "score": 4, "max_score": 4}}, {"model": "results.result", "pk": 7, "fields": {"student": 1, "date": "2016-11-23T05:20:03.738Z", "score": 4, "max_score": 4}}, {"model": "results.result", "pk": 12, "fields": {"student": 2, "date": "2016-11-23T06:30:17.335Z", "score": 1, "max_score": 1}}, {"model": "results.result", "pk": 13, "fields": {"student": 2, "date": "2016-11-23T06:30:19.879Z", "score": 1, "max_score": 1}}, {"model": "results.result", "pk": 14, "fields": {"student": 2, "date": "2016-11-23T06:30:23.465Z", "score": 3, "max_score": 3}}, {"model": "results.result", "pk": 41, "fields": {"student": 2, "date": "2016-11-23T07:29:10.924Z", "score": 1, "max_score": 1}}, {"model": "results.result", "pk": 42, "fields": {"student": 2, "date": "2016-11-23T07:29:13.572Z", "score": 1, "max_score": 1}}, {"model": "results.result", "pk": 43, "fields": {"student": 2, "date": "2016-11-23T07:29:16.479Z", "score": 3, "max_score": 3}}, {"model": "results.result", "pk": 44, "fields": {"student": 2, "date": "2016-11-23T07:29:17.782Z", "score": 5, "max_score": 5}}, {"model": "results.result", "pk": 45, "fields": {"student": 2, "date": "2016-11-23T07:47:21.716Z", "score": 1, "max_score": 1}}, {"model": "results.result", "pk": 46, "fields": {"student": 2, "date": "2016-11-23T07:47:23.192Z", "score": 0, "max_score": 1}}, {"model": "results.result", "pk": 47, "fields": {"student": 2, "date": "2016-11-23T07:47:26.376Z", "score": 0, "max_score": 3}}, {"model": "results.result", "pk": 48, "fields": {"student": 2, "date": "2016-11-23T07:47:31.338Z", "score": 1, "max_score": 5}}, {"model": "results.lessonresult", "pk": 44, "fields": {"lesson": 4}}, {"model": "results.lessonresult", "pk": 48, "fields": {"lesson": 4}}, {"model": "results.testresult", "pk": 3, "fields": {"test": 1}}, {"model": "results.testresult", "pk": 4, "fields": {"test": 1}}, {"model": "results.testresult", "pk": 5, "fields": {"test": 1}}, {"model": "results.testresult", "pk": 6, "fields": {"test": 1}}, {"model": "results.testresult", "pk": 7, "fields": {"test": 1}}, {"model": "results.blockresult", "pk": 12, "fields": {"block": 1}}, {"model": "results.blockresult", "pk": 13, "fields": {"block": 2}}, {"model": "results.blockresult", "pk": 14, "fields": {"block": 3}}, {"model": "results.blockresult", "pk": 41, "fields": {"block": 1}}, {"model": "results.blockresult", "pk": 42, "fields": {"block": 2}}, {"model": "results.blockresult", "pk": 43, "fields": {"block": 3}}, {"model": "results.blockresult", "pk": 45, "fields": {"block": 1}}, {"model": "results.blockresult", "pk": 46, "fields": {"block": 2}}, {"model": "results.blockresult", "pk": 47, "fields": {"block": 3}}, {"model": "results.choiceblockresult", "pk": 13, "fields": {"choices": "[\"1\"]"}}, {"model": "results.choiceblockresult", "pk": 42, "fields": {"choices": "[\"1\"]"}}, {"model": "results.choiceblockresult", "pk": 46, "fields": {"choices": "[\"2\"]"}}, {"model": "results.floatblockresult", "pk": 14, "fields": {"answer": 4.0}}, {"model": "results.floatblockresult", "pk": 43, "fields": {"answer": 4.0}}, {"model": "results.floatblockresult", "pk": 47, "fields": {"answer": 3.0}}, {"model": "results.lessonresultblockresultrelation", "pk": 79, "fields": {"lesson_result": 44, "block_result": 41}}, {"model": "results.lessonresultblockresultrelation", "pk": 80, "fields": {"lesson_result": 44, "block_result": 42}}, {"model": "results.lessonresultblockresultrelation", "pk": 81, "fields": {"lesson_result": 44, "block_result": 43}}, {"model": "results.lessonresultblockresultrelation", "pk": 82, "fields": {"lesson_result": 48, "block_result": 45}}, {"model": "results.lessonresultblockresultrelation", "pk": 83, "fields": {"lesson_result": 48, "block_result": 46}}, {"model": "results.lessonresultblockresultrelation", "pk": 84, "fields": {"lesson_result": 48, "block_result": 47}}, {"model": "tasks.lessontask", "pk": 2, "fields": {"lesson": 4, "lesson_result": 44}}, {"model": "tasks.lessontask", "pk": 3, "fields": {"lesson": 4, "lesson_result": 48}}, {"model": "tasks.lessontask", "pk": 4, "fields": {"lesson": 4, "lesson_result": null}}, {"model": "tasks.task", "pk": 2, "fields": {"student": 2, "teacher": 1, "datetime": "2016-11-23T07:29:03.863Z", "datetime_to": "2016-11-29T07:29:03.853Z", "is_finished": true}}, {"model": "tasks.task", "pk": 3, "fields": {"student": 2, "teacher": 1, "datetime": "2016-11-23T07:40:49.690Z", "datetime_to": "2016-11-29T07:40:49.681Z", "is_finished": true}}, {"model": "tasks.task", "pk": 4, "fields": {"student": 2, "teacher": 1, "datetime": "2016-11-23T07:51:07.634Z", "datetime_to": "2016-11-29T07:51:07.623Z", "is_finished": false}}, {"model": "lms.studentteacherrelation", "pk": 1, "fields": {"student": 2, "teacher": 1}}, {"model": "lms.studentcourserelation", "pk": 1, "fields": {"course": 1, "student": 2, "has_perm": false}}, {"model": "lms.studentlessonrelation", "pk": 3, "fields": {"lesson": 4}}, {"model": "lms.studentmodulerelation", "pk": 1, "fields": {"module": 2}}, {"model": "lms.studentmodulerelation", "pk": 2, "fields": {"module": 2}}, {"model": "lms.studentnoderelation", "pk": 1, "fields": {"student": 1, "has_perm": false}}, {"model": "lms.studentnoderelation", "pk": 2, "fields": {"student": 2, "has_perm": false}}, {"model": "lms.studentnoderelation", "pk": 3, "fields": {"student": 2, "has_perm": true}}, {"model": "courses.course", "pk": 1, "fields": {"title": "\u041f\u0435\u0440\u0432\u044b\u0439 \u043a\u0443\u0440\u0441", "subject": 1, "owner": 1, "about": "\u041e\u043f\u0438\u0441\u0430\u043d\u0438\u0435 \u043f\u0435\u0440\u0432\u043e\u0433\u043e \u043a\u0443\u0440\u0441\u0430"}}, {"model": "admin.logentry", "pk": 1, "fields": {"action_time": "2016-11-21T17:35:58.548Z", "user": 1, "content_type": 28, "object_id": "1", "object_repr": "\u0424\u0438\u0437\u0438\u043a\u0430", "action_flag": 1, "change_message": "[{\"added\": {}}]"}}, {"model": "admin.logentry", "pk": 2, "fields": {"action_time": "2016-11-21T17:36:10.551Z", "user": 1, "content_type": 27, "object_id": "2", "object_repr": "\u041c\u0435\u0445\u0430\u043d\u0438\u043a\u0430", "action_flag": 1, "change_message": "[{\"added\": {}}]"}}, {"model": "admin.logentry", "pk": 3, "fields": {"action_time": "2016-11-21T17:36:18.425Z", "user": 1, "content_type": 29, "object_id": "3", "object_repr": "\u041a\u0438\u043d\u0435\u043c\u0430\u0442\u0438\u043a\u0430", "action_flag": 1, "change_message": "[{\"added\": {}}]"}}, {"model": "admin.logentry", "pk": 4, "fields": {"action_time": "2016-11-21T17:36:39.178Z", "user": 1, "content_type": 30, "object_id": "4", "object_repr": "\u041f\u0440\u044f\u043c\u043e\u043b\u0438\u043d\u0435\u0439\u043d\u043e\u0435 \u0434\u0432\u0438\u0436\u0435\u043d\u0438\u0435", "action_flag": 1, "change_message": "[{\"added\": {}}]"}}, {"model": "admin.logentry", "pk": 5, "fields": {"action_time": "2016-11-21T17:37:09.765Z", "user": 1, "content_type": 24, "object_id": "1", "object_repr": "SubjectModuleRelation object", "action_flag": 1, "change_message": "[{\"added\": {}}]"}}, {"model": "admin.logentry", "pk": 6, "fields": {"action_time": "2016-11-21T17:37:27.792Z", "user": 1, "content_type": 26, "object_id": "2", "object_repr": "ModuleUnitRelation object", "action_flag": 1, "change_message": "[{\"added\": {}}]"}}, {"model": "admin.logentry", "pk": 7, "fields": {"action_time": "2016-11-21T17:37:34.527Z", "user": 1, "content_type": 23, "object_id": "3", "object_repr": "UnitLessonRelation object", "action_flag": 1, "change_message": "[{\"added\": {}}]"}}, {"model": "admin.logentry", "pk": 8, "fields": {"action_time": "2016-11-21T17:38:10.446Z", "user": 1, "content_type": 13, "object_id": "1", "object_repr": "\u041f\u0435\u0440\u0432\u0430\u044f \u0442\u0435\u043a\u0441\u0442\u043e\u0432\u0430\u044f \u0441\u0442\u0430\u0442\u044c\u044f", "action_flag": 1, "change_message": "[{\"added\": {}}]"}}, {"model": "admin.logentry", "pk": 9, "fields": {"action_time": "2016-11-21T17:38:36.978Z", "user": 1, "content_type": 12, "object_id": "2", "object_repr": "\u0421\u043a\u043e\u043b\u044c\u043a\u043e \u0431\u0443\u0434\u0435\u0442 4*4;", "action_flag": 1, "change_message": "[{\"added\": {}}, {\"added\": {\"name\": \"\\u0412\\u0430\\u0440\\u0438\\u0430\\u043d\\u0442 \\u043e\\u0442\\u0432\\u0435\\u0442\\u0430 \\u043d\\u0430 \\u0442\\u0435\\u0441\\u0442\\u043e\\u0432\\u044b\\u0439 \\u0432\\u043e\\u043f\\u0440\\u043e\\u0441\", \"object\": \"16\"}}, {\"added\": {\"name\": \"\\u0412\\u0430\\u0440\\u0438\\u0430\\u043d\\u0442 \\u043e\\u0442\\u0432\\u0435\\u0442\\u0430 \\u043d\\u0430 \\u0442\\u0435\\u0441\\u0442\\u043e\\u0432\\u044b\\u0439 \\u0432\\u043e\\u043f\\u0440\\u043e\\u0441\", \"object\": \"15\"}}, {\"added\": {\"name\": \"\\u0412\\u0430\\u0440\\u0438\\u0430\\u043d\\u0442 \\u043e\\u0442\\u0432\\u0435\\u0442\\u0430 \\u043d\\u0430 \\u0442\\u0435\\u0441\\u0442\\u043e\\u0432\\u044b\\u0439 \\u0432\\u043e\\u043f\\u0440\\u043e\\u0441\", \"object\": \"14\"}}, {\"added\": {\"name\": \"\\u0412\\u0430\\u0440\\u0438\\u0430\\u043d\\u0442 \\u043e\\u0442\\u0432\\u0435\\u0442\\u0430 \\u043d\\u0430 \\u0442\\u0435\\u0441\\u0442\\u043e\\u0432\\u044b\\u0439 \\u0432\\u043e\\u043f\\u0440\\u043e\\u0441\", \"object\": \"13\"}}]"}}, {"model": "admin.logentry", "pk": 10, "fields": {"action_time": "2016-11-21T17:38:48.861Z", "user": 1, "content_type": 10, "object_id": "3", "object_repr": "\u0421\u043a\u043e\u043b\u044c\u043a\u043e \u0431\u0443\u0434\u0435\u0442 2*2", "action_flag": 1, "change_message": "[{\"added\": {}}]"}}, {"model": "admin.logentry", "pk": 11, "fields": {"action_time": "2016-11-21T17:39:00.277Z", "user": 1, "content_type": 11, "object_id": "1", "object_repr": "LessonBlockRelation object", "action_flag": 1, "change_message": "[{\"added\": {}}]"}}, {"model": "admin.logentry", "pk": 12, "fields": {"action_time": "2016-11-21T17:39:04.596Z", "user": 1, "content_type": 11, "object_id": "2", "object_repr": "LessonBlockRelation object", "action_flag": 1, "change_message": "[{\"added\": {}}]"}}, {"model": "admin.logentry", "pk": 13, "fields": {"action_time": "2016-11-21T17:39:08.920Z", "user": 1, "content_type": 11, "object_id": "3", "object_repr": "LessonBlockRelation object", "action_flag": 1, "change_message": "[{\"added\": {}}]"}}, {"model": "admin.logentry", "pk": 14, "fields": {"action_time": "2016-11-21T17:40:31.775Z", "user": 1, "content_type": 16, "object_id": "1", "object_repr": "\u041f\u0435\u0440\u0432\u044b\u0439 \u043a\u0443\u0440\u0441", "action_flag": 1, "change_message": "[{\"added\": {}}]"}}, {"model": "admin.logentry", "pk": 15, "fields": {"action_time": "2016-11-21T17:40:40.404Z", "user": 1, "content_type": 15, "object_id": "1", "object_repr": "CourseModuleRelation object", "action_flag": 1, "change_message": "[{\"added\": {}}]"}}, {"model": "admin.logentry", "pk": 16, "fields": {"action_time": "2016-11-21T17:41:03.918Z", "user": 1, "content_type": 20, "object_id": "1", "object_repr": "Vitaliy Harchenko (harchenko.grape@gmail.com) in \"\u041f\u0435\u0440\u0432\u044b\u0439 \u043a\u0443\u0440\u0441\"", "action_flag": 1, "change_message": "[{\"added\": {}}]"}}, {"model": "admin.logentry", "pk": 17, "fields": {"action_time": "2016-11-21T17:44:04.066Z", "user": 1, "content_type": 20, "object_id": "1", "object_repr": "R2D2 \u041f\u0430\u0434\u0430\u0432\u0430\u043d (me@harchenko.pro) in \"\u041f\u0435\u0440\u0432\u044b\u0439 \u043a\u0443\u0440\u0441\"", "action_flag": 2, "change_message": "[{\"changed\": {\"fields\": [\"student\"]}}]"}}, {"model": "admin.logentry", "pk": 18, "fields": {"action_time": "2016-11-21T17:48:11.894Z", "user": 1, "content_type": 21, "object_id": "3", "object_repr": "R2D2 \u041f\u0430\u0434\u0430\u0432\u0430\u043d (me@harchenko.pro) in \"\u041f\u0440\u044f\u043c\u043e\u043b\u0438\u043d\u0435\u0439\u043d\u043e\u0435 \u0434\u0432\u0438\u0436\u0435\u043d\u0438\u0435\"", "action_flag": 1, "change_message": "[{\"added\": {}}]"}}, {"model": "admin.logentry", "pk": 19, "fields": {"action_time": "2016-11-21T18:10:31.519Z", "user": 1, "content_type": 33, "object_id": "1", "object_repr": "Vitaliy Harchenko (harchenko.grape@gmail.com)", "action_flag": 2, "change_message": "[{\"changed\": {\"fields\": [\"last_login\", \"b_date\", \"is_teacher\"]}}]"}}, {"model": "admin.logentry", "pk": 20, "fields": {"action_time": "2016-11-21T18:10:49.164Z", "user": 1, "content_type": 19, "object_id": "1", "object_repr": "R2D2 \u041f\u0430\u0434\u0430\u0432\u0430\u043d (me@harchenko.pro) in \"Vitaliy Harchenko (harchenko.grape@gmail.com)\"", "action_flag": 1, "change_message": "[{\"added\": {}}]"}}, {"model": "admin.logentry", "pk": 21, "fields": {"action_time": "2016-11-22T17:43:45.782Z", "user": 1, "content_type": 34, "object_id": "1", "object_repr": "Test #1", "action_flag": 1, "change_message": "[{\"added\": {}}]"}}, {"model": "admin.logentry", "pk": 22, "fields": {"action_time": "2016-11-22T17:43:56.284Z", "user": 1, "content_type": 33, "object_id": "1", "object_repr": "Test #1", "action_flag": 1, "change_message": "[{\"added\": {}}]"}}, {"model": "admin.logentry", "pk": 23, "fields": {"action_time": "2016-11-22T17:44:01.354Z", "user": 1, "content_type": 33, "object_id": "2", "object_repr": "Test #2", "action_flag": 1, "change_message": "[{\"added\": {}}]"}}, {"model": "admin.logentry", "pk": 24, "fields": {"action_time": "2016-11-23T06:24:08.976Z", "user": 1, "content_type": 35, "object_id": "11", "object_repr": "R2D2 \u041f\u0430\u0434\u0430\u0432\u0430\u043d (me@harchenko.pro), \u041f\u0440\u044f\u043c\u043e\u043b\u0438\u043d\u0435\u0439\u043d\u043e\u0435 \u0434\u0432\u0438\u0436\u0435\u043d\u0438\u0435, 2016-11-23 06:19:17.901597+00:00", "action_flag": 3, "change_message": ""}}, {"model": "admin.logentry", "pk": 25, "fields": {"action_time": "2016-11-23T06:24:24.965Z", "user": 1, "content_type": 36, "object_id": "10", "object_repr": "R2D2 \u041f\u0430\u0434\u0430\u0432\u0430\u043d (me@harchenko.pro), Block #3, 2016-11-23 06:18:49.364405+00:00", "action_flag": 3, "change_message": ""}}, {"model": "admin.logentry", "pk": 26, "fields": {"action_time": "2016-11-23T06:24:24.969Z", "user": 1, "content_type": 36, "object_id": "9", "object_repr": "R2D2 \u041f\u0430\u0434\u0430\u0432\u0430\u043d (me@harchenko.pro), Block #2, 2016-11-23 06:18:46.257373+00:00", "action_flag": 3, "change_message": ""}}, {"model": "admin.logentry", "pk": 27, "fields": {"action_time": "2016-11-23T06:24:24.971Z", "user": 1, "content_type": 36, "object_id": "8", "object_repr": "R2D2 \u041f\u0430\u0434\u0430\u0432\u0430\u043d (me@harchenko.pro), \u041f\u0435\u0440\u0432\u0430\u044f \u0442\u0435\u043a\u0441\u0442\u043e\u0432\u0430\u044f \u0441\u0442\u0430\u0442\u044c\u044f, 2016-11-23 06:18:44.519895+00:00", "action_flag": 3, "change_message": ""}}, {"model": "admin.logentry", "pk": 28, "fields": {"action_time": "2016-11-23T06:24:24.974Z", "user": 1, "content_type": 36, "object_id": "2", "object_repr": "Vitaliy Harchenko (harchenko.grape@gmail.com), Block #3, 2016-11-22 17:59:18.596936+00:00", "action_flag": 3, "change_message": ""}}, {"model": "admin.logentry", "pk": 29, "fields": {"action_time": "2016-11-23T06:24:24.975Z", "user": 1, "content_type": 36, "object_id": "1", "object_repr": "Vitaliy Harchenko (harchenko.grape@gmail.com), Block #2, 2016-11-22 17:59:14.751843+00:00", "action_flag": 3, "change_message": ""}}, {"model": "admin.logentry", "pk": 30, "fields": {"action_time": "2016-11-23T07:21:49.027Z", "user": 1, "content_type": 35, "object_id": "40", "object_repr": "R2D2 \u041f\u0430\u0434\u0430\u0432\u0430\u043d (me@harchenko.pro), \u041f\u0440\u044f\u043c\u043e\u043b\u0438\u043d\u0435\u0439\u043d\u043e\u0435 \u0434\u0432\u0438\u0436\u0435\u043d\u0438\u0435, 2016-11-23 07:20:56.729800+00:00", "action_flag": 3, "change_message": ""}}, {"model": "admin.logentry", "pk": 31, "fields": {"action_time": "2016-11-23T07:21:49.033Z", "user": 1, "content_type": 35, "object_id": "39", "object_repr": "R2D2 \u041f\u0430\u0434\u0430\u0432\u0430\u043d (me@harchenko.pro), \u041f\u0440\u044f\u043c\u043e\u043b\u0438\u043d\u0435\u0439\u043d\u043e\u0435 \u0434\u0432\u0438\u0436\u0435\u043d\u0438\u0435, 2016-11-23 07:20:40.270034+00:00", "action_flag": 3, "change_message": ""}}, {"model": "admin.logentry", "pk": 32, "fields": {"action_time": "2016-11-23T07:21:49.035Z", "user": 1, "content_type": 35, "object_id": "38", "object_repr": "R2D2 \u041f\u0430\u0434\u0430\u0432\u0430\u043d (me@harchenko.pro), \u041f\u0440\u044f\u043c\u043e\u043b\u0438\u043d\u0435\u0439\u043d\u043e\u0435 \u0434\u0432\u0438\u0436\u0435\u043d\u0438\u0435, 2016-11-23 07:19:58.183767+00:00", "action_flag": 3, "change_message": ""}}, {"model": "admin.logentry", "pk": 33, "fields": {"action_time": "2016-11-23T07:21:49.038Z", "user": 1, "content_type": 35, "object_id": "37", "object_repr": "R2D2 \u041f\u0430\u0434\u0430\u0432\u0430\u043d (me@harchenko.pro), \u041f\u0440\u044f\u043c\u043e\u043b\u0438\u043d\u0435\u0439\u043d\u043e\u0435 \u0434\u0432\u0438\u0436\u0435\u043d\u0438\u0435, 2016-11-23 07:19:48.316763+00:00", "action_flag": 3, "change_message": ""}}, {"model": "admin.logentry", "pk": 34, "fields": {"action_time": "2016-11-23T07:21:49.040Z", "user": 1, "content_type": 35, "object_id": "36", "object_repr": "R2D2 \u041f\u0430\u0434\u0430\u0432\u0430\u043d (me@harchenko.pro), \u041f\u0440\u044f\u043c\u043e\u043b\u0438\u043d\u0435\u0439\u043d\u043e\u0435 \u0434\u0432\u0438\u0436\u0435\u043d\u0438\u0435, 2016-11-23 07:18:51.886232+00:00", "action_flag": 3, "change_message": ""}}, {"model": "admin.logentry", "pk": 35, "fields": {"action_time": "2016-11-23T07:21:49.042Z", "user": 1, "content_type": 35, "object_id": "35", "object_repr": "R2D2 \u041f\u0430\u0434\u0430\u0432\u0430\u043d (me@harchenko.pro), \u041f\u0440\u044f\u043c\u043e\u043b\u0438\u043d\u0435\u0439\u043d\u043e\u0435 \u0434\u0432\u0438\u0436\u0435\u043d\u0438\u0435, 2016-11-23 07:18:49.579410+00:00", "action_flag": 3, "change_message": ""}}, {"model": "admin.logentry", "pk": 36, "fields": {"action_time": "2016-11-23T07:21:49.051Z", "user": 1, "content_type": 35, "object_id": "34", "object_repr": "R2D2 \u041f\u0430\u0434\u0430\u0432\u0430\u043d (me@harchenko.pro), \u041f\u0440\u044f\u043c\u043e\u043b\u0438\u043d\u0435\u0439\u043d\u043e\u0435 \u0434\u0432\u0438\u0436\u0435\u043d\u0438\u0435, 2016-11-23 07:18:29.964539+00:00", "action_flag": 3, "change_message": ""}}, {"model": "admin.logentry", "pk": 37, "fields": {"action_time": "2016-11-23T07:21:49.052Z", "user": 1, "content_type": 35, "object_id": "33", "object_repr": "R2D2 \u041f\u0430\u0434\u0430\u0432\u0430\u043d (me@harchenko.pro), \u041f\u0440\u044f\u043c\u043e\u043b\u0438\u043d\u0435\u0439\u043d\u043e\u0435 \u0434\u0432\u0438\u0436\u0435\u043d\u0438\u0435, 2016-11-23 07:18:27.220110+00:00", "action_flag": 3, "change_message": ""}}, {"model": "admin.logentry", "pk": 38, "fields": {"action_time": "2016-11-23T07:21:49.054Z", "user": 1, "content_type": 35, "object_id": "32", "object_repr": "R2D2 \u041f\u0430\u0434\u0430\u0432\u0430\u043d (me@harchenko.pro), \u041f\u0440\u044f\u043c\u043e\u043b\u0438\u043d\u0435\u0439\u043d\u043e\u0435 \u0434\u0432\u0438\u0436\u0435\u043d\u0438\u0435, 2016-11-23 07:16:57.877370+00:00", "action_flag": 3, "change_message": ""}}, {"model": "admin.logentry", "pk": 39, "fields": {"action_time": "2016-11-23T07:21:49.056Z", "user": 1, "content_type": 35, "object_id": "31", "object_repr": "R2D2 \u041f\u0430\u0434\u0430\u0432\u0430\u043d (me@harchenko.pro), \u041f\u0440\u044f\u043c\u043e\u043b\u0438\u043d\u0435\u0439\u043d\u043e\u0435 \u0434\u0432\u0438\u0436\u0435\u043d\u0438\u0435, 2016-11-23 07:15:36.232519+00:00", "action_flag": 3, "change_message": ""}}, {"model": "admin.logentry", "pk": 40, "fields": {"action_time": "2016-11-23T07:21:49.058Z", "user": 1, "content_type": 35, "object_id": "30", "object_repr": "R2D2 \u041f\u0430\u0434\u0430\u0432\u0430\u043d (me@harchenko.pro), \u041f\u0440\u044f\u043c\u043e\u043b\u0438\u043d\u0435\u0439\u043d\u043e\u0435 \u0434\u0432\u0438\u0436\u0435\u043d\u0438\u0435, 2016-11-23 07:15:33.978316+00:00", "action_flag": 3, "change_message": ""}}, {"model": "admin.logentry", "pk": 41, "fields": {"action_time": "2016-11-23T07:21:49.061Z", "user": 1, "content_type": 35, "object_id": "29", "object_repr": "R2D2 \u041f\u0430\u0434\u0430\u0432\u0430\u043d (me@harchenko.pro), \u041f\u0440\u044f\u043c\u043e\u043b\u0438\u043d\u0435\u0439\u043d\u043e\u0435 \u0434\u0432\u0438\u0436\u0435\u043d\u0438\u0435, 2016-11-23 07:15:13.129345+00:00", "action_flag": 3, "change_message": ""}}, {"model": "admin.logentry", "pk": 42, "fields": {"action_time": "2016-11-23T07:21:49.063Z", "user": 1, "content_type": 35, "object_id": "28", "object_repr": "R2D2 \u041f\u0430\u0434\u0430\u0432\u0430\u043d (me@harchenko.pro), \u041f\u0440\u044f\u043c\u043e\u043b\u0438\u043d\u0435\u0439\u043d\u043e\u0435 \u0434\u0432\u0438\u0436\u0435\u043d\u0438\u0435, 2016-11-23 07:14:50.334166+00:00", "action_flag": 3, "change_message": ""}}, {"model": "admin.logentry", "pk": 43, "fields": {"action_time": "2016-11-23T07:21:49.065Z", "user": 1, "content_type": 35, "object_id": "27", "object_repr": "R2D2 \u041f\u0430\u0434\u0430\u0432\u0430\u043d (me@harchenko.pro), \u041f\u0440\u044f\u043c\u043e\u043b\u0438\u043d\u0435\u0439\u043d\u043e\u0435 \u0434\u0432\u0438\u0436\u0435\u043d\u0438\u0435, 2016-11-23 07:14:13.418866+00:00", "action_flag": 3, "change_message": ""}}, {"model": "admin.logentry", "pk": 44, "fields": {"action_time": "2016-11-23T07:21:49.066Z", "user": 1, "content_type": 35, "object_id": "26", "object_repr": "R2D2 \u041f\u0430\u0434\u0430\u0432\u0430\u043d (me@harchenko.pro), \u041f\u0440\u044f\u043c\u043e\u043b\u0438\u043d\u0435\u0439\u043d\u043e\u0435 \u0434\u0432\u0438\u0436\u0435\u043d\u0438\u0435, 2016-11-23 07:14:11.056794+00:00", "action_flag": 3, "change_message": ""}}, {"model": "admin.logentry", "pk": 45, "fields": {"action_time": "2016-11-23T07:21:49.068Z", "user": 1, "content_type": 35, "object_id": "25", "object_repr": "R2D2 \u041f\u0430\u0434\u0430\u0432\u0430\u043d (me@harchenko.pro), \u041f\u0440\u044f\u043c\u043e\u043b\u0438\u043d\u0435\u0439\u043d\u043e\u0435 \u0434\u0432\u0438\u0436\u0435\u043d\u0438\u0435, 2016-11-23 07:13:16.051632+00:00", "action_flag": 3, "change_message": ""}}, {"model": "admin.logentry", "pk": 46, "fields": {"action_time": "2016-11-23T07:21:49.070Z", "user": 1, "content_type": 35, "object_id": "24", "object_repr": "R2D2 \u041f\u0430\u0434\u0430\u0432\u0430\u043d (me@harchenko.pro), \u041f\u0440\u044f\u043c\u043e\u043b\u0438\u043d\u0435\u0439\u043d\u043e\u0435 \u0434\u0432\u0438\u0436\u0435\u043d\u0438\u0435, 2016-11-23 07:12:21.130499+00:00", "action_flag": 3, "change_message": ""}}, {"model": "admin.logentry", "pk": 47, "fields": {"action_time": "2016-11-23T07:21:49.072Z", "user": 1, "content_type": 35, "object_id": "23", "object_repr": "R2D2 \u041f\u0430\u0434\u0430\u0432\u0430\u043d (me@harchenko.pro), \u041f\u0440\u044f\u043c\u043e\u043b\u0438\u043d\u0435\u0439\u043d\u043e\u0435 \u0434\u0432\u0438\u0436\u0435\u043d\u0438\u0435, 2016-11-23 07:12:02.982122+00:00", "action_flag": 3, "change_message": ""}}, {"model": "admin.logentry", "pk": 48, "fields": {"action_time": "2016-11-23T07:21:49.074Z", "user": 1, "content_type": 35, "object_id": "22", "object_repr": "R2D2 \u041f\u0430\u0434\u0430\u0432\u0430\u043d (me@harchenko.pro), \u041f\u0440\u044f\u043c\u043e\u043b\u0438\u043d\u0435\u0439\u043d\u043e\u0435 \u0434\u0432\u0438\u0436\u0435\u043d\u0438\u0435, 2016-11-23 07:05:01.156126+00:00", "action_flag": 3, "change_message": ""}}, {"model": "admin.logentry", "pk": 49, "fields": {"action_time": "2016-11-23T07:21:49.076Z", "user": 1, "content_type": 35, "object_id": "21", "object_repr": "R2D2 \u041f\u0430\u0434\u0430\u0432\u0430\u043d (me@harchenko.pro), \u041f\u0440\u044f\u043c\u043e\u043b\u0438\u043d\u0435\u0439\u043d\u043e\u0435 \u0434\u0432\u0438\u0436\u0435\u043d\u0438\u0435, 2016-11-23 06:33:55.700928+00:00", "action_flag": 3, "change_message": ""}}, {"model": "admin.logentry", "pk": 50, "fields": {"action_time": "2016-11-23T07:21:49.078Z", "user": 1, "content_type": 35, "object_id": "20", "object_repr": "R2D2 \u041f\u0430\u0434\u0430\u0432\u0430\u043d (me@harchenko.pro), \u041f\u0440\u044f\u043c\u043e\u043b\u0438\u043d\u0435\u0439\u043d\u043e\u0435 \u0434\u0432\u0438\u0436\u0435\u043d\u0438\u0435, 2016-11-23 06:33:53.124838+00:00", "action_flag": 3, "change_message": ""}}, {"model": "admin.logentry", "pk": 51, "fields": {"action_time": "2016-11-23T07:21:49.080Z", "user": 1, "content_type": 35, "object_id": "19", "object_repr": "R2D2 \u041f\u0430\u0434\u0430\u0432\u0430\u043d (me@harchenko.pro), \u041f\u0440\u044f\u043c\u043e\u043b\u0438\u043d\u0435\u0439\u043d\u043e\u0435 \u0434\u0432\u0438\u0436\u0435\u043d\u0438\u0435, 2016-11-23 06:33:09.351801+00:00", "action_flag": 3, "change_message": ""}}, {"model": "admin.logentry", "pk": 52, "fields": {"action_time": "2016-11-23T07:21:49.082Z", "user": 1, "content_type": 35, "object_id": "18", "object_repr": "R2D2 \u041f\u0430\u0434\u0430\u0432\u0430\u043d (me@harchenko.pro), \u041f\u0440\u044f\u043c\u043e\u043b\u0438\u043d\u0435\u0439\u043d\u043e\u0435 \u0434\u0432\u0438\u0436\u0435\u043d\u0438\u0435, 2016-11-23 06:33:07.210084+00:00", "action_flag": 3, "change_message": ""}}, {"model": "admin.logentry", "pk": 53, "fields": {"action_time": "2016-11-23T07:21:49.084Z", "user": 1, "content_type": 35, "object_id": "17", "object_repr": "R2D2 \u041f\u0430\u0434\u0430\u0432\u0430\u043d (me@harchenko.pro), \u041f\u0440\u044f\u043c\u043e\u043b\u0438\u043d\u0435\u0439\u043d\u043e\u0435 \u0434\u0432\u0438\u0436\u0435\u043d\u0438\u0435, 2016-11-23 06:32:47.999640+00:00", "action_flag": 3, "change_message": ""}}, {"model": "admin.logentry", "pk": 54, "fields": {"action_time": "2016-11-23T07:21:49.086Z", "user": 1, "content_type": 35, "object_id": "16", "object_repr": "R2D2 \u041f\u0430\u0434\u0430\u0432\u0430\u043d (me@harchenko.pro), \u041f\u0440\u044f\u043c\u043e\u043b\u0438\u043d\u0435\u0439\u043d\u043e\u0435 \u0434\u0432\u0438\u0436\u0435\u043d\u0438\u0435, 2016-11-23 06:32:45.893797+00:00", "action_flag": 3, "change_message": ""}}, {"model": "admin.logentry", "pk": 55, "fields": {"action_time": "2016-11-23T07:21:49.088Z", "user": 1, "content_type": 35, "object_id": "15", "object_repr": "R2D2 \u041f\u0430\u0434\u0430\u0432\u0430\u043d (me@harchenko.pro), \u041f\u0440\u044f\u043c\u043e\u043b\u0438\u043d\u0435\u0439\u043d\u043e\u0435 \u0434\u0432\u0438\u0436\u0435\u043d\u0438\u0435, 2016-11-23 06:30:29.806370+00:00", "action_flag": 3, "change_message": ""}}]